23622,-7.31,0.69
23621,-5.75,4.44
23626,-4.94,5.63
23622,-4.87,5.31
23622,-4.81,4.00
23617,-5.75,-0.25
23611,-9.44,-8.50
23610,-12.37,-16.94
23611,-15.00,-22.56
23619,-14.31,-22.62
23628,-9.94,-15.62
23632,-4.31,-5.19
23639,2.75,7.88
23643,8.69,19.31
23641,11.88,26.63
23644,14.75,31.88
23655,18.56,38.56
23670,25.13,51.44
23687,36.38,71.69
23699,49.75,97.44
23712,63.50,124.75
23721,75.63,148.50
23722,83.56,166.75
23717,87.25,175.81
23713,86.63,175.50
23712,83.50,172.75
23714,80.69,168.25
23712,78.63,166.81
23717,78.88,167.94
23712,78.13,167.00
23710,76.38,163.81
23701,72.88,157.44
23698,67.38,148.38
23690,61.19,136.63
23682,53.56,123.31
23673,46.00,107.63
23665,37.31,89.25
23654,27.94,68.63
23643,17.88,46.19
23630,6.94,20.94
23617,-5.12,-4.50
23605,-17.31,-30.19
23594,-29.37,-56.19
23579,-41.81,-80.62
23575,-51.94,-100.81
23572,-59.69,-115.81
23575,-63.81,-123.62
23578,-63.44,-124.87
23581,-61.25,-122.12
23584,-57.62,-116.94
23587,-54.06,-109.50
23602,-47.50,-96.44
23616,-38.31,-80.25
23625,-27.69,-62.69
23625,-17.94,-46.56
23627,-11.50,-34.81
23634,-6.87,-27.19
23637,-3.81,-19.12
23646,1.50,-8.94
23654,8.19,4.13
23663,15.38,19.56
23667,22.75,34.06
23670,28.50,47.94
23676,33.75,60.25
23685,38.88,72.19
23695,45.44,85.75
23703,53.25,99.94
23711,61.44,113.69
23713,67.81,126.50
23716,72.38,136.25
23722,76.38,143.88
23729,80.13,153.19
23740,86.13,163.44
23744,92.31,175.50
23751,98.69,186.75
23749,102.69,192.63
23751,104.38,193.69
23750,104.81,192.50
23759,105.75,194.81
23775,111.19,206.38
23798,121.81,231.06
23819,137.88,263.06
23834,155.25,297.44
23841,170.25,327.69
23849,181.31,348.19
23844,185.75,357.69
23833,183.63,356.38
23828,178.50,348.81
23830,172.00,340.06
23840,169.25,340.13
23855,173.06,351.44
23876,183.38,374.44
23897,198.25,405.19
23913,214.50,439.19
23931,231.38,472.56
23941,245.31,499.06
23942,254.13,517.06
23936,257.38,524.63
23938,256.56,521.88
23936,252.69,515.69
23930,247.19,506.00
23932,243.69,496.94
23941,242.00,494.69
23956,244.63,497.19
23968,251.63,506.75
23973,259.38,520.69
23983,267.25,533.00
23982,271.06,540.19
23979,271.13,541.75
23984,271.13,539.31
23985,268.94,536.44
23994,269.25,538.81
24001,272.06,546.19
24007,275.13,554.25
24009,278.38,558.44
23997,276.31,553.38
23983,269.06,534.13
23959,254.38,501.00
23937,233.81,455.00
23906,208.75,400.44
23887,182.63,347.69
23879,160.81,303.25
23879,144.69,271.69
23878,136.25,254.00
23876,132.19,243.19
23872,129.06,236.00
23867,124.81,226.94
23862,119.56,217.88
23861,114.56,209.94
23862,110.94,204.81
23862,108.56,204.00
23867,108.75,206.25
23874,110.94,211.44
23880,114.31,219.81
23888,119.69,229.88
23890,124.19,241.06
23901,129.69,252.44
23903,134.19,262.19
23907,137.56,271.31
23909,140.94,277.88
23911,142.06,284.06
23919,144.63,289.94
23922,146.94,295.50
23923,149.00,297.25
23916,148.75,293.81
23909,144.75,283.63
23902,138.31,269.06
23899,130.94,254.63
23898,125.13,243.31
23959,136.38,265.44
23937,143.75,276.06
23906,144.06,275.06
23887,139.88,265.56
23905,125.00,235.88
23901,114.75,220.25
23904,113.06,218.06
23904,116.19,224.63
23905,115.00,222.63
23905,114.88,222.38
23911,115.50,224.88
23914,116.81,229.63
23915,118.13,233.56
23911,118.44,235.75
23910,117.00,235.44
23910,114.88,232.56
23915,113.75,233.00
23914,113.31,235.94
23923,115.44,243.06
23923,117.50,251.38
23929,119.81,257.38
23929,122.38,261.50
23935,124.13,263.38
23934,125.63,264.75
23938,126.63,267.88
23941,128.38,271.00
23944,129.38,274.56
23948,131.56,278.56
23950,133.25,282.00
23953,134.94,286.88
23960,137.56,289.50
23954,137.69,289.38
23946,135.31,284.00
23939,130.44,274.69
23947,125.88,264.94
23945,122.38,258.81
23950,122.13,257.94
23950,123.63,263.38
23964,126.69,273.75
23972,132.19,287.25
23984,139.38,304.38
23983,146.25,318.81
23989,151.00,328.63
23983,152.25,332.56
23984,150.75,329.25
23972,146.50,320.19
23968,139.81,305.94
23953,130.94,286.63
23942,119.13,262.50
23930,107.44,235.38
23916,93.38,206.06
23903,79.94,174.75
23889,65.88,142.25
23872,50.69,109.13
23859,35.88,75.50
23845,21.00,42.50
23838,8.06,12.88
23832,-2.00,-11.25
23831,-8.94,-27.12
23831,-12.37,-32.81
23841,-11.50,-30.25
23846,-7.87,-21.00
23856,-1.56,-8.06
23859,5.50,3.75
23860,10.19,11.44
23847,10.31,11.63
23840,6.19,3.31
23829,-1.37,-10.00
23836,-7.37,-21.37
23838,-9.50,-25.44
23845,-8.12,-22.44
23845,-4.06,-15.19
23839,-3.25,-12.56
23826,-6.25,-18.19
23817,-13.19,-29.00
23818,-19.81,-41.19
23820,-24.37,-48.00
23819,-25.87,-49.25
23813,-26.62,-50.31
23802,-30.37,-56.06
23798,-35.56,-65.50
23793,-41.69,-75.87
23792,-46.50,-84.81
23786,-50.00,-89.25
23790,-51.50,-91.37
23796,-50.25,-88.44
23809,-45.50,-79.31
23816,-37.56,-66.50
23818,-30.19,-52.31
23817,-24.62,-42.81
23809,-24.37,-41.37
23805,-26.87,-44.69
23805,-29.87,-50.00
23808,-31.81,-53.75
23809,-31.50,-54.50
23809,-30.19,-50.25
23818,-26.62,-43.75
23830,-20.87,-31.56
23844,-11.94,-14.50
23849,-1.81,4.19
23852,6.69,21.88
23845,10.38,28.19
23837,8.50,24.69
23825,2.38,11.69
23821,-5.37,-3.44
23824,-10.56,-10.94
23836,-10.69,-9.12
23838,-7.31,0.44
23834,-4.00,9.44
23830,-2.50,12.13
23820,-6.44,7.06
23815,-12.12,-3.75
23805,-19.25,-17.19
23796,-27.56,-30.31
23796,-33.31,-41.06
23797,-37.44,-47.94
23799,-38.56,-49.19
23800,-37.19,-46.94
23797,-36.56,-46.19
23784,-39.50,-51.94
23767,-47.12,-68.69
23748,-59.62,-95.75
23732,-75.31,-127.81
23719,-90.81,-160.81
23712,-103.62,-188.94
23706,-113.06,-210.06
23707,-118.19,-224.69
23704,-120.75,-234.44
23698,-123.06,-240.87
23696,-124.37,-246.19
23698,-125.37,-248.25
23708,-123.12,-242.00
23717,-117.12,-231.31
23718,-110.44,-215.25
23716,-104.81,-202.81
23712,-102.75,-197.56
23710,-103.50,-197.62
23715,-103.19,-197.62
23727,-99.37,-190.69
23743,-90.62,-172.75
23758,-77.69,-146.25
23770,-63.19,-117.06
23782,-48.81,-89.62
23780,-39.06,-70.75
23775,-34.44,-62.06
23767,-34.81,-62.94
23767,-38.25,-68.06
23771,-40.12,-73.62
23769,-41.19,-74.87
23772,-39.56,-72.12
23773,-37.62,-67.87
23783,-34.25,-61.69
23790,-28.69,-53.56
23801,-21.12,-43.25
23803,-13.44,-30.56
23813,-5.81,-18.50
23813,0.00,-7.56
23809,2.00,-2.75
23798,0.75,-8.25
23787,-5.75,-20.44
23776,-14.94,-37.00
23779,-22.31,-51.87
23775,-27.87,-59.12
23779,-29.62,-59.25
23788,-26.31,-53.12
23794,-22.31,-44.12
23798,-16.31,-33.19
23803,-10.12,-23.87
23799,-7.31,-19.12
23794,-7.25,-16.69
23793,-8.44,-19.50
23790,-11.62,-24.56
23788,-14.25,-28.62
23789,-15.31,-28.31
23796,-14.44,-23.50
23804,-10.75,-14.25
23811,-4.87,-2.81
23818,2.44,9.69
23822,8.94,21.31
23829,15.06,32.38
23831,19.88,42.56
23830,22.63,49.38
23834,25.38,55.63
23833,26.13,60.81
23837,27.38,65.19
23837,28.88,67.56
23834,28.63,67.63
23831,27.88,64.44
23825,24.63,56.56
23814,18.63,41.75
23796,8.94,19.88
23787,-2.19,-7.31
23771,-15.69,-35.25
23772,-26.00,-59.87
23758,-35.25,-81.06
23751,-43.87,-100.50
23736,-52.19,-121.25
23734,-61.19,-140.56
23727,-68.31,-156.87
23730,-72.87,-167.31
23726,-74.62,-171.12
23730,-74.87,-169.44
23732,-72.87,-164.50
23738,-70.19,-158.37
23738,-66.50,-152.06
23740,-63.37,-147.75
23741,-60.50,-142.56
23752,-56.37,-131.62
23767,-48.56,-115.81
23780,-38.06,-92.44
23791,-25.19,-66.50
23795,-14.19,-46.12
23796,-6.81,-29.44
23796,-2.75,-20.12
23797,-1.25,-14.94
23799,-0.25,-10.25
23797,0.00,-8.87
23793,-0.75,-11.81
23774,-6.44,-21.44
23765,-14.87,-37.25
23757,-24.69,-53.12
23762,-32.19,-64.81
23765,-34.12,-67.62
23774,-31.50,-63.69
23775,-26.69,-56.06
23777,-22.62,-49.75
23770,-21.19,-49.25
23763,-23.75,-55.75
23757,-28.00,-64.94
23758,-32.50,-74.06
23763,-33.94,-77.37
23766,-32.81,-74.12
23759,-32.00,-70.87
23761,-30.94,-68.87
23752,-33.37,-70.12
23756,-35.56,-74.37
23755,-36.25,-76.37
23765,-34.87,-73.12
23769,-30.25,-64.94
23777,-24.69,-52.56
23774,-19.69,-42.56
23769,-18.50,-38.12
23761,-20.31,-43.00
23752,-26.37,-53.06
23745,-33.31,-65.50
23748,-38.25,-75.87
23751,-40.37,-79.87
23751,-40.19,-80.56
23754,-37.56,-77.75
23753,-35.94,-75.19
23754,-34.81,-72.44
23758,-32.75,-68.50
23760,-30.94,-62.06
23770,-26.37,-53.25
23767,-22.87,-46.44
23765,-20.87,-43.69
23761,-20.37,-44.75
23763,-21.87,-51.00
23746,-26.87,-62.00
23740,-32.87,-77.62
23723,-42.06,-98.62
23720,-52.44,-121.19
23711,-60.69,-141.69
23706,-68.56,-159.31
23702,-73.12,-173.25
23699,-77.62,-185.75
23698,-80.12,-196.94
23687,-84.06,-209.44
23672,-90.75,-225.31
23654,-101.06,-245.06
23643,-113.75,-268.37
23639,-124.62,-287.44
23643,-130.62,-296.81
23656,-128.81,-294.31
23657,-124.06,-281.81
23648,-120.56,-275.75
23629,-122.81,-279.25
23622,-130.12,-291.50
23619,-138.31,-307.37
23615,-145.19,-317.81
23607,-149.25,-325.12
23602,-152.75,-328.87
23608,-154.00,-329.56
23620,-151.25,-321.75
23629,-144.25,-305.56
23639,-133.56,-284.50
23644,-123.19,-263.19
23645,-115.69,-245.81
23647,-110.00,-233.56
23636,-109.62,-230.44
23628,-112.56,-233.87
23624,-116.69,-243.56
23622,-121.81,-252.62
23622,-124.12,-256.62
23625,-123.62,-255.81
23632,-120.37,-250.00
23633,-116.44,-242.00
23640,-110.75,-233.56
23634,-107.37,-226.69
23636,-105.31,-221.44
23644,-101.50,-214.50
23665,-94.25,-198.87
23685,-80.56,-174.94
23699,-64.00,-143.94
23704,-48.31,-114.50
23703,-38.31,-94.62
23702,-33.69,-85.37
23698,-33.62,-85.50
23695,-35.56,-90.62
23687,-39.25,-95.69
23693,-41.12,-98.25
23688,-43.19,-98.00
23696,-42.50,-94.00
23697,-39.56,-87.31
23705,-36.12,-77.69
23707,-31.00,-66.94
23712,-26.69,-56.56
23711,-22.87,-47.50
23718,-19.44,-41.81
23713,-17.75,-36.12
23712,-17.56,-32.75
23712,-17.19,-31.19
23714,-18.00,-29.37
23710,-18.56,-30.81
23705,-20.12,-33.25
23700,-22.87,-37.62
23699,-26.37,-43.00
23700,-28.62,-49.37
23698,-30.12,-54.62
23688,-32.87,-64.12
23672,-39.31,-79.69
23657,-49.69,-102.12
23643,-62.94,-130.12
23627,-77.56,-160.56
23611,-92.06,-191.25
23599,-105.62,-219.81
23592,-117.31,-244.12
23591,-125.12,-261.44
23580,-131.62,-274.56
23575,-136.31,-283.06
23568,-140.94,-291.19
23568,-145.25,-297.75
23564,-147.75,-301.75
23562,-149.50,-303.00
23566,-148.50,-302.00
23561,-148.75,-297.75
23578,-143.75,-289.75
23584,-136.81,-276.62
23592,-128.94,-260.87
23594,-119.44,-246.25
23602,-112.25,-231.81
23607,-105.37,-219.25
23620,-97.31,-204.06
23629,-87.56,-183.56
23650,-74.69,-159.00
23655,-61.94,-136.37
23656,-52.37,-118.50
23652,-46.12,-108.56
23651,-45.44,-107.69
23647,-47.00,-111.87
23642,-50.00,-117.00
23641,-52.25,-124.06
23648,-52.50,-125.31
23654,-50.25,-120.81
23654,-46.75,-114.81
23651,-43.75,-106.37
23655,-41.56,-103.06
23653,-41.37,-102.25
23655,-40.69,-102.00
23654,-39.56,-101.25
23655,-39.12,-100.25
23648,-40.00,-100.25
23653,-40.12,-100.50
23653,-39.94,-98.75
23656,-39.31,-95.75
23650,-38.37,-93.06
23650,-38.75,-92.37
23646,-40.12,-93.69
23649,-41.44,-95.50
23644,-42.56,-97.31
23641,-44.37,-98.37
23637,-46.19,-99.94
23643,-47.25,-99.19
23648,-45.75,-94.94
23646,-44.06,-90.44
23633,-44.62,-90.50
23609,-52.69,-104.37
23573,-70.94,-132.06
23553,-93.44,-170.00
23534,-117.25,-209.81
23527,-136.56,-240.94
23526,-146.94,-260.31
23530,-151.25,-268.25
23528,-151.25,-270.31
23524,-150.50,-271.37
23522,-150.00,-273.37
23527,-149.25,-273.87
23532,-146.75,-271.62
23543,-140.56,-263.94
23548,-132.62,-256.06
23540,-128.06,-253.25
23531,-127.06,-256.75
23521,-131.25,-268.44
23648,-104.94,-218.00
23653,-75.62,-164.31
23653,-44.31,-104.12
23656,-10.12,-39.06
23650,-9.56,-36.94
23477,-53.44,-121.31
23476,-97.19,-206.62
23479,-140.50,-289.56
23484,-180.56,-367.87
23489,-175.75,-356.44
23489,-170.75,-343.37
23492,-165.75,-333.19
23483,-164.37,-326.62
23484,-164.00,-324.87
23479,-164.87,-324.62
23485,-165.00,-323.62
23484,-163.06,-319.37
23489,-160.19,-312.44
23497,-154.06,-301.56
23513,-145.50,-283.31
23526,-133.56,-262.00
23529,-122.25,-239.37
23528,-113.25,-222.50
23521,-110.12,-216.50
23512,-112.56,-220.81
23503,-117.94,-232.37
23495,-125.06,-245.25
23492,-131.06,-256.56
23496,-133.75,-261.00
23501,-132.87,-260.12
23498,-130.75,-256.31
23499,-127.69,-250.75
23502,-124.87,-245.50
23510,-121.37,-238.06
23517,-115.44,-227.19
23527,-107.31,-212.19
23539,-97.00,-192.81
23544,-87.56,-172.87
23548,-78.94,-155.37
23546,-73.37,-142.81
23550,-69.87,-134.12
23555,-66.44,-126.50
23558,-63.25,-117.75
23561,-58.87,-108.31
23555,-57.06,-103.25
23549,-57.94,-104.00
23552,-58.87,-106.94
23553,-60.31,-110.62
23555,-59.69,-110.50
23559,-56.62,-105.87
23567,-52.31,-97.06
23581,-44.75,-82.56
23591,-35.31,-65.25
23598,-25.19,-46.62
23606,-15.19,-29.44
23619,-5.56,-15.19
23627,3.50,-0.31
23634,12.44,15.44
23646,22.31,30.06
23651,30.13,44.81
23656,37.06,55.88
23645,39.44,57.81
23630,35.06,48.94
23604,22.94,23.94
23585,4.94,-13.31
23563,-15.62,-54.87
23551,-35.25,-95.56
23539,-51.12,-128.12
23538,-62.31,-151.81
23538,-67.94,-163.81
23545,-68.75,-165.94
23552,-64.81,-158.25
23560,-58.69,-146.19
23567,-50.81,-131.75
23569,-44.31,-120.62
23571,-39.12,-112.69
23570,-36.25,-106.06
23571,-34.87,-102.00
23579,-32.00,-92.00
23590,-26.94,-79.06
23599,-19.37,-62.25
23603,-11.19,-45.62
23609,-3.56,-29.94
23616,3.00,-16.94
23623,8.94,-5.00
23630,15.56,6.31
23635,21.88,18.75
23645,28.88,32.06
23645,34.06,44.69
23649,38.50,55.25
23648,41.38,61.94
23654,43.19,66.13
23652,44.56,67.25
23647,43.63,67.81
23650,43.69,67.13
23652,42.75,65.94
23653,42.56,63.50
23650,42.88,61.38
23655,43.69,60.06
23649,42.50,59.94
23657,43.06,62.13
23657,44.38,66.50
23664,46.19,71.31
23658,48.00,74.88
23668,50.25,78.88
23668,52.50,84.06
23680,56.00,92.75
23692,63.94,105.31
23705,72.56,122.50
23709,82.06,140.81
23718,90.75,155.38
23709,94.13,164.31
23704,92.94,166.69
23703,90.50,162.75
23707,86.81,159.13
23712,86.69,159.81
23724,90.81,166.44
23734,97.69,181.50
23748,107.00,200.94
23752,115.94,220.94
23751,121.50,233.75
23743,122.56,236.44
23739,119.06,230.81
23743,115.63,223.25
23751,114.50,220.50
23758,117.06,225.56
23771,123.88,238.31
23780,131.88,255.63
23792,140.81,272.06
23778,144.44,280.31
23772,143.25,277.25
23754,135.31,264.00
23753,124.19,244.38
23745,114.69,224.94
23745,106.81,208.44
23736,101.25,193.13
23730,94.50,174.69
23713,85.56,153.19
23702,73.94,126.69
23684,60.19,95.88
23671,44.81,66.44
23663,31.88,40.81
23663,21.81,22.63
23665,16.81,12.69
23662,14.44,8.56
23665,14.75,9.19
23668,15.88,11.13
23665,15.75,11.25
23666,16.56,10.13
23664,16.19,7.31
23668,16.00,5.25
23665,15.81,3.19
23664,15.19,2.63
23666,15.50,3.81
23670,15.81,5.00
23673,17.69,8.44
23671,19.25,11.63
23672,20.56,13.75
23680,22.88,16.88
23690,26.88,24.25
23692,31.88,32.75
23692,36.56,39.94
23693,39.44,46.50
23702,42.06,51.25
23711,46.38,59.25
23718,52.44,72.94
23726,60.19,87.50
23724,65.06,100.63
23729,68.88,108.88
23720,68.63,110.75
23721,66.69,108.13
23717,64.25,102.31
23722,61.88,97.75
23726,62.81,100.00
23735,65.69,107.75
23740,70.81,118.69
23740,74.63,128.25
23742,77.88,133.25
23738,77.81,134.69
23746,78.50,136.81
23751,80.44,142.19
23763,84.88,153.50
23777,93.81,169.94
23785,102.63,190.75
23799,113.63,214.13
23807,123.50,235.00
23808,130.00,250.38
23801,132.75,256.63
23802,132.19,256.81
23801,129.31,253.00
23804,127.00,250.75
23812,128.44,253.75
23823,132.38,261.69
23827,137.56,273.06
23833,143.44,284.06
23834,147.50,293.44
23835,149.00,298.75
23839,150.50,302.50
23840,150.75,304.75
23840,150.75,304.50
23840,150.50,302.25
23842,149.75,300.25
23844,149.25,298.25
23839,147.50,296.25
23832,144.06,290.75
23829,139.38,282.81
23836,136.00,276.50
23840,134.94,274.50
23844,136.56,276.75
23841,138.19,278.25
23837,137.06,277.19
23836,134.69,271.88
23836,131.38,267.19
23838,129.31,263.50
23831,126.50,257.88
23831,123.94,248.31
23813,116.94,231.56
23801,106.56,207.75
23781,93.00,176.69
23762,74.88,141.19
23737,55.13,104.25
23734,37.81,69.50
23725,23.44,43.81
23730,15.19,29.13
23736,14.75,26.13
23747,17.88,34.81
23756,25.44,48.44
23762,33.19,62.44
23764,39.88,74.81
23766,44.19,82.56
23764,45.75,86.00
23763,45.50,84.88
23753,42.31,78.25
23747,37.13,67.00
23744,31.75,55.81
23743,26.44,49.25
23751,25.63,49.25
23757,27.88,56.25
23764,32.63,66.19
23769,38.81,77.81
23768,42.69,86.56
23767,44.75,92.19
23765,44.56,93.25
23768,43.88,94.31
23785,47.69,102.88
23806,57.00,120.38
23822,70.69,146.19
23824,84.00,172.69
23818,91.44,187.44
23802,89.50,184.81
23784,79.06,165.69
23763,63.00,133.06
23752,45.88,100.00
23755,33.69,74.75
23754,25.88,62.50
23770,27.38,62.63
23774,32.56,72.00
23786,40.00,83.75
23786,47.56,94.69
23792,52.56,103.50
23790,56.06,108.69
23793,57.25,113.13
23792,58.19,116.75
23794,58.13,119.31
23792,58.06,120.88
23796,58.19,121.38
23789,56.88,118.69
23792,55.81,116.00
23788,54.25,111.13
23791,52.50,106.56
23788,51.75,104.00
23783,49.00,99.94
23780,46.50,97.69
23779,43.00,95.44
23780,40.56,93.94
23781,39.63,93.75
23784,40.25,97.06
23793,43.38,103.88
23802,48.44,113.63
23808,54.69,125.25
23813,61.38,137.00
23821,67.75,148.13
23823,72.31,158.63
23840,79.63,174.31
23847,87.31,192.31
23857,95.44,209.63
23850,101.25,220.50
23842,100.75,217.31
23817,92.25,197.38
23801,77.31,162.88
23784,60.00,124.25
23780,43.88,88.75
23779,33.94,64.88
23779,28.13,54.25
23785,28.13,54.00
23789,30.13,59.44
23792,33.06,64.56
23786,34.50,64.19
23777,32.13,58.75
23776,28.50,50.19
23785,26.50,44.69
23785,25.94,44.69
23781,26.69,45.25
23779,27.19,46.50
23780,25.63,45.81
23779,23.88,42.13
23770,20.88,35.19
23755,14.69,25.13
23753,7.81,11.88
23755,1.75,1.75
23763,0.00,0.00
23775,5.00,9.25
23788,13.69,27.38
23798,24.31,49.38
23801,33.56,69.38
23794,37.94,78.94
23785,36.81,80.94
23793,35.19,77.13
23791,32.38,72.63
23789,30.81,70.38
23783,30.00,67.88
23781,26.69,64.19
23777,22.88,59.06
23776,19.44,53.25
23773,16.75,48.75
23785,17.56,46.75
23785,19.38,50.25
23794,23.63,60.25
23805,31.38,73.38
23811,37.56,86.88
23810,43.44,95.50
23803,45.31,96.25
23799,43.38,92.56
23799,39.94,87.44
23804,38.06,83.56
23802,37.38,84.00
23806,38.75,87.63
23810,41.13,91.75
23814,43.19,97.63
23820,47.31,105.13
23819,50.06,111.63
23820,52.06,118.00
23820,53.06,122.06
23824,53.50,124.38
23825,54.50,127.88
23831,56.75,131.56
23830,58.69,135.25
23830,59.63,136.38
23826,59.25,133.00
23825,57.13,129.94
23827,55.81,127.13
23830,55.25,127.63
23838,57.69,133.56
23845,62.13,143.25
23856,68.75,157.31
23867,77.31,173.00
23876,86.06,191.06
23887,95.69,206.13
23890,103.25,218.56
23885,106.69,225.63
23877,105.88,223.63
23870,100.56,213.63
23859,91.81,197.25
23856,83.63,179.50
23843,74.31,162.69
23849,68.31,146.56
23836,61.88,128.81
23823,53.06,104.81
23801,42.00,73.00
23782,24.81,38.31
23775,9.31,3.69
23771,-3.81,-23.12
23774,-10.50,-39.87
23766,-14.37,-48.75
23764,-17.00,-55.00
23755,-20.81,-61.69
23753,-25.87,-69.81
23744,-31.12,-78.87
23745,-35.56,-85.81
23742,-38.44,-89.25
23746,-39.81,-88.37
23748,-38.37,-84.00
23753,-36.00,-75.94
23754,-32.69,-67.87
23758,-29.37,-59.69
23760,-26.12,-51.56
23770,-21.62,-42.56
23786,-13.37,-25.94
23801,-2.44,-1.94
23828,14.63,34.31
23857,36.25,81.00
23881,59.63,132.19
23899,83.50,181.88
23900,100.63,215.81
23883,106.13,226.13
23850,97.31,206.38
23828,78.56,167.31
23814,56.31,122.13
23809,37.25,85.69
23809,26.63,63.88
23807,21.13,53.50
23807,19.13,50.50
23775,10.44,24.50
23771,0.81,-1.25
23774,-7.44,-28.00
23766,-17.56,-55.00
23809,-8.87,-31.44
23811,1.25,-4.87
23816,11.75,24.69
23816,24.13,55.44
23821,26.88,61.38
23826,30.31,69.00
23832,34.00,78.06
23832,37.63,87.81
23836,41.00,96.44
23829,41.38,99.19
23824,38.94,94.44
23814,34.06,84.50
23822,30.19,77.63
23831,30.38,81.38
23853,37.38,99.56
23871,51.25,128.06
23876,64.25,157.81
23883,76.63,181.75
23889,84.81,197.94
23891,89.00,207.19
23890,91.63,212.31
23891,92.69,213.44
23893,92.75,215.00
23904,95.06,219.88
23909,98.88,226.69
23912,103.13,237.94
23919,108.63,247.06
23922,112.00,255.31
23929,115.88,263.25
23937,121.00,273.06
23951,127.81,287.13
23955,134.81,301.25
23958,140.69,315.25
23955,143.75,325.13
23961,144.81,329.88
23950,142.13,328.81
23947,137.94,321.81
23939,132.56,311.81
23939,125.69,299.19
23933,120.19,287.69
23940,117.25,278.56
23928,113.31,266.81
23920,107.44,251.13
23901,98.31,229.13
23888,84.31,200.06
23868,68.50,166.31
23851,50.56,128.63
23838,34.31,91.13
23829,19.25,56.44
23821,7.31,28.13
23815,-1.75,8.38
23817,-6.94,-3.50
23825,-7.87,-6.69
23829,-5.81,-4.62
23830,-2.00,-0.81
23826,0.25,3.75
23835,2.75,9.19
23842,6.00,15.81
23841,8.69,22.13
23830,9.63,22.13
23823,6.50,16.19
23822,1.44,8.06
23826,-2.31,2.75
23828,-2.81,4.75
23830,-1.00,9.19
23833,1.75,15.06
23838,4.75,21.13
23845,8.94,29.63
23842,11.81,37.06
23834,11.94,40.19
23833,10.56,38.56
23832,7.19,33.94
23835,5.38,29.63
23833,5.06,28.13
23835,5.50,28.13
23825,3.75,27.06
23830,2.50,26.56
23826,0.75,25.75
23827,-1.25,24.44
23819,-2.75,21.75
23816,-6.25,16.00
23809,-10.44,8.13
23800,-17.12,-2.69
23792,-23.69,-15.94
23773,-34.19,-34.25
23754,-47.62,-59.19
23738,-62.62,-85.81
23737,-75.75,-108.44
23745,-82.00,-120.12
23750,-82.19,-119.37
23754,-77.37,-110.94
23755,-72.12,-101.12
23759,-67.87,-93.37
23762,-64.19,-87.44
23772,-59.06,-78.56
23784,-51.25,-66.75
23792,-42.50,-50.31
23801,-32.31,-31.06
23813,-21.69,-11.00
23820,-12.44,7.38
23824,-4.31,22.81
23823,1.25,33.81
23826,4.44,40.69
23829,6.63,46.50
23828,7.56,49.00
23828,8.69,51.25
23822,7.63,50.25
23826,6.81,51.00
23830,7.25,55.25
23842,10.69,64.94
23848,17.06,79.56
23864,26.38,99.06
23879,38.31,119.06
23873,45.69,133.88
23863,49.00,139.50
23852,45.50,132.81
23852,38.31,121.25
23851,32.44,108.31
23845,27.63,96.50
23837,23.63,84.06
23825,16.63,67.94
23820,8.69,46.25
23803,-1.94,21.81
23789,-13.94,-6.69
23775,-26.25,-37.31
23763,-40.25,-65.69
23753,-52.31,-91.31
23750,-61.50,-109.62
23746,-68.19,-121.06
23751,-70.50,-125.62
23753,-69.81,-124.12
23758,-67.12,-119.62
23756,-63.94,-112.94
23760,-61.00,-107.31
23757,-59.37,-101.50
23760,-58.31,-94.25
23772,-53.75,-83.06
23781,-48.00,-68.19
23790,-39.25,-50.25
23793,-30.56,-33.75
23798,-23.75,-22.37
23797,-19.50,-15.94
23800,-16.81,-13.50
23801,-14.69,-9.37
23809,-11.75,-2.81
23816,-6.87,7.25
23816,-2.81,17.44
23822,2.50,26.75
23819,4.94,31.25
23824,6.88,33.19
23825,9.06,35.31
23831,11.19,37.00
23836,15.38,41.38
23838,18.75,47.94
23844,23.31,54.00
23844,26.38,60.19
23841,27.31,63.31
23847,29.25,65.94
23847,29.69,68.25
23850,30.88,69.81
23851,33.06,73.38
23852,34.00,74.88
23849,34.19,75.38
23852,34.31,73.88
23849,33.50,72.13
23857,34.44,71.94
23854,35.31,75.00
23864,38.00,83.00
23864,41.38,91.94
23869,43.94,101.75
23869,47.25,108.69
23874,49.25,112.13
23865,49.00,112.25
23867,48.00,110.63
23866,46.75,109.81
23875,46.56,112.69
23877,49.06,118.56
23882,52.31,128.88
23892,58.31,141.81
23900,63.94,154.38
23896,68.06,164.31
23902,72.38,168.19
23898,73.13,168.75
23897,71.69,166.81
23886,68.50,162.69
23879,62.06,153.56
23869,54.19,140.50
23868,46.38,125.38
23864,40.38,110.63
23860,35.25,100.25
23855,31.44,92.25
23861,29.38,84.06
23844,24.13,73.19
23828,15.88,49.94
23792,-0.06,14.69
23772,-22.31,-30.94
23754,-44.62,-79.37
23743,-65.44,-122.06
23733,-79.50,-153.56
23732,-88.69,-174.56
23735,-92.56,-184.81
23737,-93.12,-187.19
23740,-90.44,-185.06
23744,-86.56,-179.69
23748,-82.44,-172.87
23755,-77.12,-162.19
23753,-73.12,-152.56
23753,-70.12,-143.81
23757,-67.19,-136.37
23759,-65.50,-130.75
23757,-63.87,-125.19
23758,-62.00,-119.87
23759,-60.87,-118.19
23759,-60.25,-116.75
23760,-58.87,-114.37
23766,-56.31,-108.75
23768,-53.50,-99.69
23771,-50.00,-88.94
23773,-46.25,-79.50
23774,-43.75,-75.94
23761,-45.06,-79.12
23751,-49.56,-88.81
23747,-55.56,-100.69
23748,-61.50,-110.69
23745,-64.87,-116.87
23740,-67.00,-121.75
23736,-69.06,-125.31
23743,-69.62,-127.31
23749,-67.94,-123.00
23759,-62.50,-112.25
23764,-54.87,-96.87
23773,-46.81,-79.69
23772,-40.56,-66.69
23776,-35.94,-59.00
23770,-34.06,-56.37
23773,-33.75,-56.81
23771,-33.69,-54.19
23785,-31.06,-45.69
23794,-24.81,-30.25
23803,-17.06,-11.44
23804,-8.62,4.63
23796,-5.81,10.88
23784,-8.25,5.00
23772,-15.94,-11.06
23765,-25.50,-30.94
23763,-33.50,-46.69
23771,-36.37,-51.44
23781,-33.75,-45.69
23794,-26.19,-31.00
23806,-15.19,-10.19
23815,-4.06,9.88
23812,3.75,25.81
23809,7.44,33.06
23805,7.13,30.75
23797,2.56,21.50
23799,-0.75,13.00
23802,-2.50,8.63
23806,-2.19,11.06
23810,1.06,16.94
23806,2.81,22.31
23811,5.06,26.38
23805,4.75,25.63
23802,2.75,23.63
23798,0.75,18.63
23794,-3.50,13.19
23791,-7.00,5.75
23788,-10.44,-2.31
23777,-15.62,-12.06
23770,-21.50,-26.19
23754,-30.50,-46.12
23735,-43.44,-74.44
23713,-59.00,-110.19
23693,-77.62,-148.62
23681,-95.12,-184.19
23670,-110.44,-212.81
23669,-120.31,-231.44
23671,-124.62,-240.37
23673,-125.37,-239.69
23677,-122.37,-235.81
23673,-120.12,-230.69
23674,-118.19,-228.12
23672,-117.25,-228.12
23679,-115.56,-226.12
23680,-112.69,-219.12
23693,-106.81,-207.44
23697,-99.50,-191.56
23706,-91.75,-173.62
23708,-83.81,-158.62
23711,-78.44,-146.00
23703,-76.12,-140.56
23701,-76.62,-140.87
23697,-78.62,-141.69
23710,-78.12,-140.81
23712,-75.12,-136.19
23713,-71.37,-129.37
23715,-66.19,-120.12
23723,-62.25,-111.44
23730,-57.12,-99.81
23737,-50.56,-85.31
23740,-43.75,-73.19
23737,-39.81,-65.44
23736,-37.94,-61.50
23739,-37.06,-60.37
23736,-37.75,-62.00
23735,-37.87,-62.87
23732,-38.44,-65.50
23740,-37.81,-65.06
23750,-33.87,-58.69
23755,-28.56,-47.56
23778,-16.81,-24.87
23786,-5.12,-0.12
23780,2.38,17.88
23784,9.63,34.19
23789,12.31,42.88
23790,13.19,44.94
23786,14.56,48.00
23786,14.94,48.75
23784,13.50,46.00
23789,13.13,47.00
23799,16.25,54.00
23814,23.06,68.44
23824,32.81,88.75
23826,41.69,106.63
23824,47.50,117.81
23822,49.00,119.13
23811,45.31,112.94
23810,40.88,103.81
23807,36.25,96.31
23815,34.19,92.63
23819,35.81,95.19
23833,41.25,105.75
23838,48.56,118.94
23841,54.56,133.75
23837,58.50,143.94
23838,59.13,149.25
23837,58.31,148.50
23832,55.50,144.75
23833,54.00,141.56
23834,52.50,137.88
23826,49.19,133.75
23818,45.19,125.94
23803,37.19,112.19
23799,28.06,92.81
23787,18.06,73.13
23783,9.13,52.38
23772,1.31,32.56
23769,-6.25,14.25
23758,-13.44,-3.37
23756,-20.06,-19.06
23742,-27.37,-34.37
23743,-33.56,-47.25
23738,-38.25,-57.31
23747,-40.12,-62.50
23744,-39.19,-62.37
23748,-37.56,-59.25
23746,-35.19,-56.87
23748,-34.56,-57.06
23747,-33.50,-57.25
23751,-32.44,-58.69
23752,-30.56,-55.12
23756,-28.25,-48.06
23765,-23.44,-38.31
23770,-18.44,-24.69
23779,-11.56,-11.19
23796,-1.50,4.19
23799,7.00,21.38
23805,15.69,35.88
23803,21.56,47.25
23807,24.13,52.75
23801,24.38,52.50
23806,24.38,52.75
23804,24.38,53.00
23805,23.63,55.75
23806,24.63,59.44
23808,24.88,62.38
23813,26.88,66.25
23819,30.13,70.81
23821,33.56,78.88
23828,38.25,89.06
23835,43.38,101.69
23835,46.94,112.44
23833,49.50,118.81
23829,49.25,118.88
23829,47.25,115.44
23829,45.25,111.75
23836,45.56,112.38
23850,50.38,123.25
23869,59.88,143.00
23887,73.81,170.56
23893,87.31,199.88
23898,98.44,224.38
23888,102.19,234.88
23882,99.88,231.31
23870,93.13,217.25
23861,82.94,194.81
23849,72.38,172.38
23849,63.44,154.63
23853,58.56,143.56
23855,56.44,139.63
23857,57.88,141.44
23858,59.56,145.31
23801,45.94,111.88
23806,33.25,79.25
23804,19.69,46.25
23805,6.19,14.25
23806,7.38,18.31
23887,27.56,65.38
23885,47.50,110.19
23878,65.31,148.88
23866,79.69,181.63
23855,70.88,163.81
23846,60.44,143.19
23838,49.81,122.50
23834,41.31,106.56
23833,35.38,94.00
23829,30.75,84.56
23824,26.94,76.44
23817,22.38,66.69
23807,15.69,53.81
23799,8.06,38.25
23790,-0.50,20.88
23786,-8.25,5.13
23786,-13.44,-4.44
23796,-14.06,-5.62
23805,-10.19,1.44
23813,-3.31,13.19
23814,3.75,23.81
23813,7.94,32.06
23816,10.63,36.25
23813,10.50,37.88
23818,11.38,40.50
23817,12.25,42.88
23819,12.88,46.94
23819,14.25,47.75
23814,13.13,46.75
23814,12.25,43.25
23813,10.63,39.56
23816,9.81,39.38
23821,11.44,43.25
23832,15.88,52.31
23833,20.69,63.56
23844,27.44,78.69
23848,33.94,94.63
23854,39.06,108.19
23847,42.19,115.56
23844,41.81,114.19
23834,37.88,105.56
23838,33.50,96.00
23844,32.44,94.31
23855,34.81,100.38
23869,43.25,115.88
23880,53.31,135.00
23880,61.75,150.88
23872,65.44,158.88
23858,62.00,155.00
23856,55.38,143.19
23857,49.06,129.25
23866,47.06,122.69
23878,51.63,127.00
23887,58.88,140.50
23883,64.81,153.63
23875,66.38,158.06
23860,61.19,149.94
23848,50.81,130.94
23836,38.56,106.63
23831,27.19,84.56
23836,20.94,71.00
23850,21.25,70.50
23870,29.50,84.31
23880,41.44,107.50
23887,53.75,131.44
23879,60.44,142.88
23859,57.13,136.94
23839,46.31,113.81
23822,29.63,80.88
23820,14.56,51.81
23826,6.13,36.31
23846,7.81,39.69
23859,16.94,59.31
23877,31.06,87.25
23882,44.81,114.63
23880,52.88,133.00
23866,54.13,136.44
23852,47.31,125.31
23831,34.06,101.81
23819,18.50,72.25
23807,3.56,44.00
23801,-9.19,18.81
23789,-19.62,-3.62
23777,-29.94,-24.56
23759,-41.62,-51.06
23740,-56.50,-83.06
23719,-73.44,-119.75
23700,-91.94,-159.56
23682,-110.31,-195.69
23677,-124.94,-223.94
23675,-134.69,-242.94
23672,-140.37,-256.00
23663,-143.69,-264.19
23655,-147.75,-273.31
23654,-151.50,-281.62
23655,-154.25,-287.56
23652,-155.50,-292.19
23657,-153.44,-291.75
23656,-151.37,-287.56
23664,-147.56,-281.19
23662,-143.56,-272.37
23666,-139.87,-265.69
23655,-138.75,-264.25
23652,-140.37,-265.37
23644,-143.44,-270.50
23643,-147.75,-276.56
23638,-150.50,-280.56
23647,-150.25,-280.75
23657,-145.50,-273.19
23665,-138.56,-256.94
23681,-126.44,-234.12
23697,-112.69,-206.50
23707,-99.06,-177.44
23721,-84.06,-150.87
23716,-74.50,-130.37
23713,-69.75,-120.56
23700,-70.81,-119.87
23699,-75.62,-124.19
23701,-78.62,-128.69
23707,-79.31,-129.19
23708,-76.56,-125.87
23715,-71.81,-118.62
23719,-66.56,-110.69
23722,-62.19,-101.31
23724,-57.56,-90.81
23739,-50.94,-78.44
23745,-43.94,-64.44
23744,-38.00,-53.06
23744,-32.56,-42.75
23750,-29.50,-37.06
23754,-26.94,-29.94
23751,-24.87,-26.12
23737,-26.44,-28.62
23730,-31.19,-35.56
23734,-35.87,-42.69
23742,-37.81,-44.00
23742,-36.12,-38.81
23737,-34.00,-31.94
23729,-34.94,-31.12
23728,-38.06,-34.81
23716,-44.19,-43.44
23714,-49.50,-53.50
23711,-53.50,-61.44
23729,-52.75,-61.31
23746,-44.75,-48.25
23757,-33.56,-28.00
23761,-20.75,-4.25
23762,-12.25,14.25
23764,-7.62,22.63
23753,-8.56,22.38
23751,-10.94,16.94
23750,-13.81,10.81
23761,-14.44,9.44
23771,-9.75,15.88
23781,-2.19,29.19
23792,8.31,46.13
23800,18.00,63.69
23806,26.56,80.25
23804,32.06,91.19
23797,33.00,95.75
23789,29.94,91.31
23784,24.13,82.19
23779,17.63,67.63
23766,9.69,49.44
23754,0.81,28.44
23732,-12.19,-0.12
23710,-29.31,-33.87
23693,-47.25,-69.75
23679,-65.50,-105.06
23669,-80.62,-135.25
23660,-92.31,-157.37
23650,-102.19,-176.31
23642,-110.44,-192.06
23640,-116.56,-204.12
23640,-120.37,-210.87
23650,-119.12,-208.25
23658,-113.94,-197.69
23669,-105.56,-180.50
23672,-96.50,-162.69
23668,-91.06,-150.56
23665,-88.37,-143.50
23660,-89.75,-144.31
23656,-92.87,-150.37
23655,-95.19,-155.12
23656,-96.50,-157.37
23659,-95.75,-156.00
23659,-94.06,-151.94
23655,-93.12,-148.94
23661,-90.94,-145.94
23655,-91.06,-144.00
23656,-90.87,-142.56
23654,-90.19,-141.37
23651,-91.81,-143.44
23642,-94.12,-148.50
23638,-97.69,-155.75
23639,-100.50,-159.44
23649,-100.00,-157.87
23657,-95.25,-148.31
23662,-88.31,-136.06
23660,-82.19,-126.44
23666,-77.12,-119.87
23673,-72.37,-114.69
23675,-68.37,-108.56
23670,-65.19,-102.25
23666,-64.50,-97.50
23671,-64.31,-94.75
23679,-62.69,-89.06
23682,-59.06,-82.94
23680,-55.00,-74.12
23691,-49.50,-63.12
23703,-43.00,-49.44
23707,-36.31,-35.44
23703,-30.19,-24.56
23696,-28.62,-20.81
23693,-30.81,-21.87
23695,-33.50,-23.62
23688,-36.94,-26.37
23685,-39.31,-27.12
23684,-41.19,-30.87
23684,-43.50,-34.31
23680,-45.06,-38.00
23676,-46.87,-42.12
23677,-48.19,-46.19
23673,-50.50,-51.50
23671,-52.19,-56.75
23660,-55.62,-63.19
23660,-59.31,-69.31
23666,-60.44,-70.12
23690,-55.12,-60.62
23704,-43.56,-40.50
23717,-28.87,-12.56
23721,-14.87,12.56
23723,-6.44,31.19
23718,-2.87,38.13
23706,-5.56,33.69
23696,-11.75,22.63
23687,-20.69,7.38
23687,-28.25,-6.94
23685,-33.25,-15.81
23688,-34.87,-20.44
23689,-34.00,-21.75
23688,-33.44,-22.06
23686,-32.81,-26.37
23681,-34.25,-32.56
23669,-38.94,-45.75
23657,-46.25,-63.81
23645,-56.06,-82.94
23644,-64.75,-101.12
23638,-71.81,-114.81
23629,-78.12,-125.37
23623,-82.87,-135.37
23619,-88.31,-145.06
23624,-90.94,-151.37
23627,-90.50,-151.87
23631,-87.56,-147.81
23632,-83.44,-140.56
23633,-80.37,-134.44
23634,-77.87,-129.87
23635,-76.12,-127.87
23626,-76.87,-131.06
23618,-79.81,-137.50
23615,-83.75,-145.62
23615,-87.87,-150.87
23625,-87.25,-148.62
23633,-82.62,-139.12
23645,-74.31,-124.44
23652,-64.31,-108.94
23650,-57.37,-96.37
23649,-52.81,-88.12
23645,-52.25,-84.75
23649,-52.50,-83.19
23652,-51.50,-82.12
23655,-49.50,-79.81
23662,-44.75,-72.75
23670,-39.06,-62.25
23677,-32.44,-48.12
23681,-25.62,-31.94
23686,-19.37,-19.62
23676,-17.69,-13.44
23671,-19.00,-13.25
23674,-20.56,-16.87
23678,-22.37,-19.00
23680,-21.12,-16.81
23682,-18.12,-10.69
23690,-13.94,-0.56
23699,-8.56,11.44
23711,-0.75,26.56
23721,9.00,45.06
23733,19.69,65.38
23749,32.00,88.50
23765,45.19,112.88
23776,58.44,136.75
23787,71.31,157.63
23794,81.88,175.56
23801,90.06,190.31
23802,95.69,199.94
23792,96.00,203.19
23785,92.75,197.63
23771,84.31,184.63
23771,75.75,168.50
23764,68.00,153.06
23756,60.13,139.56
23753,55.06,126.44
23749,49.00,114.94
23748,44.50,107.31
23759,44.75,107.00
23765,47.25,115.94
23778,54.00,131.00
23787,63.19,151.44
23794,71.31,168.38
23789,76.63,178.69
23787,78.13,180.69
23782,76.13,175.38
23776,70.88,167.63
23769,65.19,156.94
23758,57.31,144.81
23742,46.75,125.88
23733,35.56,102.63
23722,23.44,76.63
23715,12.44,51.38
23709,4.06,30.31
23713,-1.00,17.25
23719,-1.75,10.06
23716,-1.50,6.50
23713,-0.50,4.44
23707,-2.00,0.69
23708,-4.75,-3.31
23702,-8.19,-8.56
23697,-12.12,-12.94
23695,-15.00,-20.06
23690,-19.31,-26.62
23691,-21.87,-32.12
23684,-24.87,-38.81
23673,-30.12,-47.69
23651,-39.56,-63.94
23643,-51.19,-82.25
23643,-60.94,-97.69
23645,-67.31,-106.94
23645,-68.19,-107.12
23645,-67.00,-104.81
23644,-66.06,-103.25
23648,-64.69,-102.75
23656,-61.25,-97.75
23662,-56.37,-89.31
23671,-49.06,-76.94
23678,-41.06,-62.44
23684,-33.69,-49.56
23687,-27.12,-38.56
23687,-22.87,-30.94
23689,-19.87,-25.62
23695,-16.87,-22.87
23697,-14.19,-19.87
23694,-12.31,-18.12
23693,-11.19,-17.69
23690,-12.37,-20.25
23686,-15.00,-25.56
23684,-17.31,-31.31
23681,-20.12,-34.50
23688,-20.37,-32.62
23703,-15.94,-23.31
23721,-6.56,-6.37
23722,3.75,12.44
23725,12.94,29.06
23727,18.81,38.06
23722,18.88,41.19
23718,17.69,39.56
23712,14.25,33.88
23708,9.38,28.25
23709,6.06,20.75
23704,2.50,11.50
23687,-3.75,-1.12
23673,-12.44,-18.06
23661,-24.31,-37.37
23664,-34.06,-52.00
23670,-38.00,-54.94
23687,-34.12,-44.94
23701,-23.81,-23.25
23706,-13.12,-1.75
23704,-4.50,14.00
23704,-0.25,22.13
23700,-0.50,21.63
23694,-3.50,16.94
23691,-6.69,10.50
23688,-10.62,3.88
23687,-13.75,-3.12
23683,-16.31,-7.87
23680,-18.94,-12.25
23679,-21.00,-13.87
23686,-21.06,-11.25
23696,-17.62,-3.87
23709,-10.19,9.88
23714,-1.31,25.06
23719,7.00,38.56
23717,12.19,46.44
23711,12.56,47.00
23727,15.69,44.00
23722,16.25,40.06
23718,16.31,36.13
23712,16.44,32.00
23708,11.50,26.44
23722,11.38,28.94
23717,11.00,27.19
23704,8.88,23.44
23688,3.81,15.19
23680,-6.69,-6.75
23672,-17.81,-26.69
23670,-26.12,-42.19
23672,-29.87,-52.00
23669,-32.37,-57.25
23667,-33.31,-58.94
23668,-33.50,-59.87
23672,-33.12,-58.25
23672,-32.00,-55.12
23668,-31.44,-52.81
23668,-31.12,-51.00
23669,-31.62,-49.75
23671,-31.56,-47.00
23679,-28.50,-40.81
23682,-24.69,-34.69
23679,-21.94,-30.12
23683,-18.75,-27.31
23689,-16.06,-23.50
23697,-12.19,-16.50
23703,-6.06,-5.56
23712,1.25,8.44
23712,7.00,20.81
23716,11.69,31.63
23714,14.38,38.06
23710,13.75,38.44
23703,11.38,33.56
23698,6.75,25.94
23697,2.38,17.69
23696,-1.12,11.31
23690,-4.37,7.69
23691,-6.06,5.88
23688,-8.25,5.56
23686,-10.69,5.75
23683,-12.37,4.19
23678,-15.50,-0.56
23674,-18.81,-8.31
23673,-21.87,-17.00
23671,-24.62,-22.81
23679,-24.12,-23.12
23682,-21.87,-18.37
23677,-20.69,-14.19
23668,-21.25,-14.81
23655,-27.06,-23.62
23635,-38.56,-42.12
23617,-53.12,-67.19
23605,-68.31,-96.75
23593,-83.12,-125.56
23595,-92.31,-145.31
23609,-93.44,-151.12
23619,-89.00,-142.87
23630,-78.81,-125.44
23634,-68.25,-106.44
23636,-60.81,-91.12
23643,-54.25,-78.69
23647,-49.50,-69.69
23648,-45.50,-63.00
23652,-41.00,-55.87
23649,-39.06,-51.06
23650,-37.94,-47.25
23644,-38.56,-46.81
23646,-39.69,-49.06
23643,-40.81,-51.56
23640,-42.87,-55.06
23636,-44.44,-58.25
23638,-46.00,-59.44
23652,-43.25,-55.12
23667,-36.06,-40.56
23685,-23.44,-16.62
23689,-10.44,9.06
23686,-1.87,27.25
23680,1.38,33.94
23674,-1.44,31.81
23678,-4.19,27.19
23685,-4.37,27.38
23696,-0.31,31.88
23693,4.44,36.56
23690,7.38,38.00
23680,6.06,31.88
23672,0.00,18.81
23667,-6.50,4.13
23664,-12.94,-8.44
23664,-16.81,-17.81
23656,-20.62,-27.12
23638,-27.62,-41.31
23624,-37.31,-62.37
23610,-50.44,-88.25
23598,-64.44,-115.12
23589,-76.06,-137.25
23591,-83.56,-151.69
23601,-85.00,-153.69
23616,-79.69,-142.44
23633,-67.87,-119.50
23653,-51.69,-87.75
23672,-33.37,-54.87
23672,-19.00,-30.31
23656,-13.06,-20.50
23648,-14.19,-24.31
23649,-19.81,-36.81
23642,-27.12,-47.94
23645,-29.62,-53.75
23647,-29.62,-53.25
23652,-28.56,-49.00
23648,-26.81,-44.50
23644,-26.81,-42.06
23639,-28.50,-41.12
23642,-30.75,-43.19
23643,-31.69,-43.50
23646,-30.81,-39.81
23653,-27.00,-34.87
23662,-21.75,-23.00
23676,-13.25,-9.25
23683,-3.87,5.13
23689,5.13,20.06
23684,10.63,27.56
23674,10.00,25.25
23654,2.63,14.00
23648,-7.62,-3.62
23643,-17.81,-20.06
23652,-23.12,-27.37
23660,-21.37,-24.62
23670,-15.69,-12.44
23680,-6.31,5.19
23688,2.75,21.88
23683,8.44,33.19
23680,10.88,38.63
23682,11.31,37.50
23677,8.44,31.13
23664,3.63,22.56
23653,-3.19,11.13
23647,-11.94,-1.25
23643,-20.31,-11.44
23649,-23.87,-15.62
23654,-23.37,-14.75
23655,-21.12,-10.62
23655,-17.94,-7.31
23658,-15.50,-4.69
23659,-14.06,-3.12
23662,-12.19,-0.81
23669,-8.56,6.00
23667,-6.25,12.19
23665,-4.69,15.06
23654,-6.62,12.88
23648,-11.81,3.19
23647,-16.69,-6.62
23657,-18.56,-10.56
23663,-16.12,-8.19
23674,-9.44,1.44
23681,-0.81,14.19
23689,7.19,25.06
23687,13.13,32.06
23680,14.50,32.25
23674,12.63,25.19
23666,6.75,11.19
23656,-1.06,-7.69
23643,-10.31,-29.87
23628,-21.75,-53.81
23624,-32.00,-75.31
23619,-40.94,-93.81
23613,-48.00,-106.62
23613,-51.25,-115.81
23610,-54.25,-120.87
23610,-56.00,-123.37
23610,-56.19,-122.12
23616,-54.87,-116.19
23624,-50.81,-108.81
23621,-47.56,-101.75
23616,-45.62,-100.25
23604,-48.19,-104.00
23600,-53.69,-113.44
23591,-60.62,-123.31
23590,-66.50,-132.06
23593,-68.56,-135.50
23602,-67.37,-130.87
23615,-60.69,-116.31
23637,-48.31,-92.94
23644,-35.06,-68.25
23645,-24.00,-47.81
23643,-16.75,-36.56
23644,-14.87,-32.94
23640,-15.75,-34.37
23636,-17.81,-38.31
23632,-20.37,-43.69
23635,-22.37,-47.25
23635,-23.44,-49.50
23634,-23.75,-51.25
23629,-24.31,-53.25
23624,-26.87,-58.44
23625,-29.06,-63.12
23631,-29.50,-63.75
23642,-25.94,-56.87
23648,-19.62,-44.31
23653,-12.44,-30.12
23659,-5.31,-16.31
23664,0.25,-6.87
23659,3.00,-2.56
23652,2.69,-2.75
23651,0.69,-6.75
23651,-2.56,-11.94
23651,-4.56,-14.06
23654,-4.00,-13.19
23655,-3.00,-8.81
23663,0.00,-1.75
23668,4.25,7.00
23670,8.25,18.19
23668,11.44,24.81
23663,11.31,27.06
23661,9.44,24.06
23658,6.31,19.81
23670,6.75,20.06
23666,7.44,23.63
23666,8.63,27.38
23660,9.06,28.88
23663,7.19,29.38
23669,7.88,29.13
23664,7.31,26.81
23647,3.94,19.06
23632,-3.81,4.13
23633,-12.75,-12.94
23634,-20.12,-23.56
23644,-20.62,-24.62
23652,-15.44,-15.62
23661,-8.31,-3.25
23660,-1.75,6.31
23657,1.50,10.25
23649,0.75,7.88
23636,-5.50,-1.94
23620,-15.44,-18.69
23610,-27.06,-39.00
23600,-39.06,-60.87
23597,-48.44,-80.25
23590,-55.44,-94.69
23587,-60.62,-107.50
23579,-65.25,-118.69
23570,-71.31,-132.25
23562,-77.62,-148.44
23549,-86.31,-165.44
23545,-93.94,-183.25
23544,-99.50,-196.94
23545,-102.75,-204.94
23548,-102.00,-205.87
23552,-99.25,-201.56
23556,-95.25,-193.81
23557,-91.31,-186.62
23560,-87.37,-180.50
23559,-84.75,-176.94
23559,-83.19,-175.87
23559,-81.81,-174.87
23556,-82.00,-175.87
23556,-81.94,-176.62
23557,-81.62,-175.87
23561,-80.31,-172.87
23564,-77.50,-165.69
23571,-72.94,-156.06
23575,-67.69,-144.75
23584,-61.25,-132.31
23593,-53.44,-120.44
23596,-46.69,-107.44
23604,-38.94,-96.12
23604,-33.56,-87.19
23607,-29.69,-80.31
23607,-26.62,-76.50
23611,-24.62,-71.75
23615,-21.62,-66.25
23615,-19.44,-59.87
23615,-17.25,-54.81
23612,-16.81,-52.75
23611,-17.69,-53.25
23611,-18.50,-54.19
23615,-18.31,-52.12
23619,-16.37,-44.81
23625,-12.69,-34.31
23628,-8.31,-22.25
23631,-4.25,-11.31
23634,-0.50,-2.75
23633,1.50,5.25
23638,4.00,10.94
23634,4.75,14.13
23629,3.44,13.25
23624,1.19,9.88
23628,-1.31,5.56
23633,-1.56,5.00
23638,0.75,8.44
23642,5.19,15.63
23654,11.63,27.19
23658,17.75,41.13
23667,24.81,55.00
23666,30.56,66.69
23668,33.75,73.81
23664,34.94,75.63
23662,33.31,74.13
23659,31.25,69.88
23656,27.94,64.88
23658,26.13,59.19
23653,23.63,54.56
23663,24.38,53.00
23670,27.63,58.25
23682,33.38,69.69
23690,42.31,83.25
23686,47.69,95.44
23684,50.75,102.00
23686,51.25,103.94
23681,48.50,103.13
23675,45.25,99.81
23666,40.25,92.56
23657,32.56,80.19
23652,24.94,66.94
23646,17.44,52.81
23640,10.75,40.75
23630,3.88,29.06
23621,-3.87,16.25
23615,-11.62,3.31
23608,-19.50,-11.69
23603,-26.00,-26.06
23599,-31.25,-40.06
23594,-36.19,-54.44
23584,-41.81,-69.44
23571,-49.44,-85.50
23562,-58.19,-105.37
23548,-69.06,-126.31
23543,-78.62,-146.25
23539,-85.81,-162.00
23540,-90.44,-170.62
23545,-90.31,-169.87
23556,-86.12,-161.19
23564,-79.00,-146.87
23570,-70.75,-130.94
23574,-62.75,-116.87
23574,-57.62,-106.94
23568,-56.06,-102.87
23561,-57.75,-102.56
23560,-60.69,-105.06
23559,-63.87,-107.81
23569,-63.00,-105.94
23575,-58.87,-100.37
23579,-53.56,-91.62
23587,-46.00,-80.69
23589,-40.56,-72.62
23585,-37.62,-67.19
23581,-36.75,-64.25
23587,-36.37,-62.12
23588,-36.25,-59.75
23590,-34.62,-55.37
23597,-30.25,-49.81
23600,-26.69,-45.06
23603,-22.69,-39.87
23607,-18.25,-34.00
23618,-12.81,-24.44
23631,-4.94,-10.69
23639,4.13,5.38
23640,12.31,19.31
23637,16.94,27.88
23629,16.25,29.88
23629,13.63,26.38
23626,10.00,21.38
23630,8.13,18.44
23638,10.31,20.75
23642,13.44,28.25
23648,18.81,38.00
23649,23.38,46.06
23643,24.38,48.81
23640,23.63,47.13
23636,20.38,45.13
23642,18.44,42.44
23641,17.75,42.31
23646,19.06,44.63
23644,20.88,47.19
23649,22.38,51.25
23648,23.88,54.69
23650,24.63,57.38
23638,22.88,54.81
23631,18.19,48.50
23629,13.31,40.81
23630,8.19,32.94
23630,6.13,30.56
23636,7.31,33.75
23641,10.19,40.63
23647,14.38,49.69
23655,20.50,60.44
23658,25.81,69.56
23653,28.56,75.13
23659,31.25,77.88
23657,31.44,77.88
23652,29.63,73.13
23627,22.81,59.63
23607,9.56,36.75
23586,-8.31,5.38
23581,-26.00,-28.19
23571,-39.69,-57.37
23562,-50.50,-80.00
23648,-34.50,-57.69
23649,-17.19,-29.37
23643,0.94,2.69
23640,20.44,36.63
23597,7.50,9.50
23605,-3.56,-13.31
23609,-12.00,-32.94
23609,-19.62,-51.62
23601,-18.44,-48.12
23595,-20.75,-52.94
23583,-27.06,-61.94
23578,-34.56,-72.31
23583,-38.69,-77.81
23594,-38.56,-74.25
23602,-33.44,-62.75
23618,-23.12,-44.37
23622,-13.19,-23.69
23635,-2.81,-4.94
23639,6.50,10.38
23636,10.94,20.31
23631,13.13,22.88
23633,12.50,23.38
23638,12.13,23.63
23642,13.50,25.63
23648,17.63,33.13
23656,23.25,42.56
23663,29.25,52.63
23669,35.75,64.13
23673,41.63,73.44
23676,46.19,80.94
23676,49.00,86.88
23684,52.25,91.00
23684,54.44,95.63
23686,56.38,99.69
23691,59.56,104.94
23700,62.94,111.13
23702,66.81,119.00
23708,71.63,128.56
23709,75.38,137.06
23713,77.88,144.94
23714,80.13,150.75
23722,82.88,158.50
23724,85.81,167.88
23736,90.69,177.69
23738,95.75,186.88
23737,98.50,189.75
23731,99.25,187.63
23734,97.81,185.00
23741,97.63,184.19
23748,99.44,187.56
23749,102.94,195.44
23747,105.13,199.50
23743,104.56,199.75
23741,101.75,194.50
23738,98.00,186.31
23742,95.75,179.44
23744,95.06,175.88
23752,96.88,178.38
23758,100.94,184.56
23763,105.19,192.94
23762,108.63,198.75
23758,109.00,200.50
23764,109.38,201.00
23776,111.56,206.50
23790,117.44,218.94
23809,129.06,241.50
23831,144.56,271.13
23849,161.38,301.94
23856,176.25,329.94
23862,187.69,349.13
23861,193.25,360.13
23856,193.06,360.00
23851,189.88,352.13
23842,183.00,338.63
23841,176.19,321.00
23847,172.19,308.06
23861,173.00,303.75
23886,182.25,315.19
23914,198.69,343.00
23943,220.69,383.56
23975,246.94,433.75
24005,274.25,486.19
24024,299.00,534.31
24033,318.50,573.00
24033,329.81,594.25
24023,331.00,596.31
24021,326.94,587.13
24014,318.94,574.25
24020,312.50,563.75
24013,306.88,556.13
23997,297.81,543.31
23984,287.31,522.38
23971,272.19,494.44
23955,254.94,461.50
23939,237.88,425.38
23907,216.25,382.88
23881,191.63,333.50
23866,167.50,286.63
23867,147.88,249.50
23872,137.63,227.25
23868,133.00,217.75
23862,130.69,211.31
23860,127.63,203.50
23851,121.13,190.69
23844,113.88,175.50
23828,104.19,156.75
23819,92.88,134.38
23805,80.44,110.06
23801,68.94,90.00
23803,62.00,75.38
23798,56.13,66.38
23790,51.81,59.69
23781,46.25,51.81
23779,39.81,42.31
23775,33.69,34.19
23780,30.88,31.88
23795,34.06,37.31
23810,41.44,53.94
23829,54.50,79.13
23846,70.44,110.56
23860,86.00,140.19
23852,95.69,160.50
23834,96.00,162.13
23806,85.00,143.00
23778,63.63,106.13
23759,39.75,61.06
23747,17.56,22.00
23750,3.44,-5.00
23762,-0.56,-14.00
23774,3.19,-7.31
23787,13.19,9.25
23799,25.31,33.19
23814,38.06,58.38
23824,50.19,80.75
23806,54.44,89.19
23776,48.13,79.06
23758,33.63,53.00
23742,12.75,16.75
23736,-4.87,-14.44
23732,-15.81,-34.81
23732,-22.12,-43.94
23735,-23.62,-45.00
23741,-22.12,-39.81
23746,-18.44,-31.94
23750,-13.75,-22.87
23751,-9.62,-14.44
23753,-6.56,-7.00
23762,-2.50,1.31
23771,2.75,10.81
23779,9.69,21.00
23775,15.13,28.75
23760,14.50,25.75
23730,4.13,7.50
23710,-13.12,-22.31
23695,-33.00,-58.56
23689,-50.44,-89.75
23687,-60.69,-111.12
23685,-66.37,-123.81
23686,-68.00,-132.81
23682,-69.06,-141.69
23667,-73.37,-157.25
23631,-86.12,-184.69
23609,-104.50,-221.12
23587,-127.19,-263.19
23571,-149.94,-302.31
23565,-164.94,-331.25
23570,-173.06,-347.44
23572,-175.12,-352.00
23580,-171.12,-347.00
23584,-164.62,-336.06
23592,-157.44,-321.69
23597,-149.56,-307.44
23609,-140.81,-291.12
23621,-130.19,-272.94
23627,-120.12,-252.94
23631,-110.44,-234.19
23632,-103.56,-220.06
23632,-99.75,-210.87
23628,-98.50,-208.81
23609,-103.00,-215.94
23586,-113.50,-233.31
23571,-127.62,-255.25
23568,-141.37,-275.69
23574,-148.75,-285.94
23579,-149.00,-283.56
23588,-143.25,-271.19
23603,-133.06,-252.19
23613,-122.00,-230.44
23622,-110.00,-208.87
23617,-101.69,-193.81
23615,-97.69,-187.87
23614,-96.44,-186.50
23619,-96.25,-185.37
23630,-92.00,-178.75
23637,-85.56,-167.00
23641,-77.94,-154.31
23637,-72.69,-144.75
23638,-70.00,-140.81
23629,-71.31,-141.12
23633,-72.62,-141.94
23631,-73.37,-142.31
23634,-73.62,-139.87
23636,-71.12,-134.25
23641,-68.37,-127.94
23651,-62.69,-117.37
23658,-56.06,-105.69
23661,-49.25,-92.37
23668,-42.06,-79.69
23664,-38.37,-71.12
23673,-34.25,-63.69
23675,-30.44,-57.06
23673,-28.87,-52.75
23669,-27.37,-50.00
23674,-26.81,-46.25
23686,-23.75,-39.25
23697,-17.50,-24.62
23705,-8.31,-7.12
23700,-1.75,6.44
23699,1.50,13.63
23693,0.50,12.75
23690,-3.25,6.88
23682,-7.75,0.56
23677,-13.19,-5.94
23683,-15.56,-9.87
23693,-14.62,-5.56
23707,-8.19,8.25
23729,4.88,29.88
23743,19.81,57.56
23749,33.56,83.00
23745,42.69,96.94
23731,42.81,97.75
23720,36.63,86.06
23719,28.81,69.69
23726,23.81,61.25
23734,24.31,62.63
23748,31.06,75.00
23753,39.25,91.50
23750,44.88,101.31
23739,45.69,99.31
23721,38.50,81.81
23695,23.56,50.25
23676,4.81,9.50
23655,-16.25,-32.37
23645,-35.06,-69.56
23635,-49.69,-97.37
23633,-59.94,-115.69
23630,-65.62,-124.75
23634,-67.75,-127.50
23639,-66.06,-126.19
23649,-61.44,-119.12
23651,-55.56,-108.69
23662,-48.00,-93.62
23679,-37.50,-75.69
23689,-27.12,-56.69
23681,-19.31,-43.87
23670,-17.12,-40.94
23663,-21.00,-47.56
23658,-28.50,-61.62
23655,-34.75,-74.50
23658,-37.37,-82.50
23660,-37.75,-85.12
23660,-36.87,-83.50
23666,-33.75,-78.44
23665,-31.69,-73.87
23660,-31.37,-70.94
23658,-31.56,-70.25
23656,-33.75,-73.31
23655,-35.87,-78.31
23646,-39.00,-85.75
23639,-43.37,-96.12
23630,-49.44,-109.87
23617,-58.44,-126.31
23613,-66.12,-141.06
23613,-71.94,-151.62
23617,-74.44,-154.37
23628,-71.00,-149.81
23630,-66.00,-138.56
23636,-59.62,-124.94
23642,-52.81,-111.19
23646,-47.75,-99.06
23647,-43.06,-88.31
23654,-38.12,-79.19
23652,-35.25,-71.62
23656,-32.37,-64.94
23659,-29.00,-57.81
23664,-26.19,-51.50
23645,-27.69,-52.75
23631,-33.69,-61.50
23617,-43.87,-78.87
23617,-55.19,-96.81
23617,-61.62,-107.62
23619,-64.00,-110.75
23620,-62.62,-109.12
23624,-60.25,-103.06
23640,-53.87,-91.75
23653,-44.87,-74.12
23656,-35.44,-57.12
23651,-28.37,-46.56
23651,-25.37,-42.12
23651,-25.62,-43.44
23660,-24.31,-42.00
23657,-22.56,-38.81
23653,-21.81,-36.94
23644,-23.31,-41.06
23625,-31.87,-53.44
23611,-43.06,-71.62
23598,-56.37,-93.62
23600,-66.81,-111.94
23602,-71.87,-121.56
23609,-71.62,-122.87
23606,-68.94,-120.12
23590,-70.75,-123.44
23562,-80.06,-142.19
23529,-99.25,-178.50
23495,-126.00,-228.00
23475,-153.50,-278.44
23464,-176.44,-321.62
23460,-191.94,-350.44
23461,-198.50,-366.19
23463,-199.50,-370.06
23483,-192.75,-363.62
23497,-181.56,-346.75
23512,-167.00,-323.25
23513,-152.81,-301.00
23517,-142.81,-281.75
23517,-136.37,-270.37
23514,-134.50,-264.44
23511,-133.69,-262.31
23507,-134.81,-262.19
23505,-136.50,-263.37
23510,-136.12,-262.50
23514,-134.00,-257.62
23516,-130.44,-250.56
23519,-125.62,-244.50
23517,-122.62,-240.06
23518,-120.37,-237.87
23517,-118.94,-238.00
23513,-119.25,-237.12
23508,-120.31,-236.50
23513,-120.37,-235.37
23511,-120.62,-234.25
23500,-122.69,-235.69
23495,-124.75,-239.06
23492,-128.75,-244.69
23489,-133.00,-250.75
23486,-135.12,-254.50
23483,-136.75,-255.69
23481,-138.12,-256.37
23487,-137.25,-255.31
23489,-135.12,-251.00
23492,-131.50,-246.25
23494,-126.94,-240.06
23492,-124.37,-235.44
23486,-123.94,-235.31
23485,-124.44,-236.75
23480,-126.69,-238.87
23485,-127.19,-237.44
23493,-124.12,-230.31
23500,-119.19,-220.00
23499,-113.25,-208.81
23503,-107.62,-199.50
23503,-104.06,-195.00
23501,-102.75,-193.56
23500,-101.50,-193.37
23497,-102.00,-193.94
23491,-104.00,-196.50
23484,-107.19,-200.25
23485,-109.87,-203.00
23489,-110.75,-202.50
23498,-107.87,-196.00
23506,-101.31,-185.56
23511,-93.81,-173.44
23519,-85.37,-161.19
23520,-79.00,-152.56
23509,-77.44,-149.25
23500,-79.37,-152.50
23496,-84.37,-159.94
23495,-89.81,-166.81
23489,-93.94,-172.94
23479,-98.25,-178.75
23475,-102.50,-184.25
23480,-105.19,-187.19
23487,-104.62,-184.31
23484,-102.31,-178.19
23481,-99.75,-172.12
23479,-99.00,-167.62
23482,-99.25,-165.19
23488,-97.25,-159.81
23495,-92.81,-150.50
23502,-86.19,-139.75
23504,-79.87,-131.12
23497,-76.87,-128.31
23477,-80.62,-138.50
23449,-93.06,-162.12
23426,-111.62,-197.50
23402,-134.25,-237.75
23391,-154.37,-275.37
23374,-171.56,-307.87
23365,-185.06,-332.25
23356,-194.69,-352.44
23350,-203.00,-368.19
23342,-208.94,-379.75
23352,-210.12,-385.25
23357,-207.81,-383.37
23364,-202.25,-374.50
23370,-193.25,-360.25
23509,-152.06,-284.12
23500,-114.75,-215.56
23496,-80.56,-152.44
23495,-48.50,-93.19
23489,-53.00,-100.00
23316,-98.50,-179.75
23319,-141.81,-256.94
23326,-182.69,-330.12
23337,-218.87,-395.56
23340,-210.69,-381.06
23341,-203.06,-368.00
23332,-199.50,-359.81
23331,-199.00,-357.00
23321,-201.75,-359.69
23307,-208.25,-368.12
23292,-216.19,-378.94
23294,-223.25,-388.62
23294,-227.75,-393.25
23307,-225.44,-386.81
23311,-218.44,-373.44
23324,-208.75,-356.94
23334,-196.69,-336.62
23348,-184.50,-318.25
23348,-173.37,-301.06
23352,-164.69,-287.56
23353,-158.25,-277.94
23360,-153.62,-268.37
23368,-147.12,-258.44
23372,-140.62,-246.87
23373,-134.25,-235.69
23370,-130.44,-227.37
23368,-129.12,-223.87
23365,-129.62,-223.12
23363,-130.81,-223.87
23373,-128.75,-220.12
23384,-123.44,-209.44
23393,-115.19,-193.81
23397,-105.56,-177.62
23397,-98.50,-164.81
23392,-95.50,-157.62
23382,-97.25,-157.56
23377,-101.25,-160.75
23376,-105.50,-165.44
23380,-107.44,-166.56
23394,-103.37,-160.94
23406,-95.12,-146.56
23421,-82.94,-126.81
23424,-71.12,-108.81
23410,-66.44,-99.19
23396,-68.25,-99.94
23393,-74.56,-108.69
23390,-82.31,-119.06
23399,-84.25,-122.37
23400,-82.44,-119.37
23406,-78.37,-113.19
23405,-73.87,-107.06
23406,-71.37,-103.75
23404,-69.62,-103.25
23401,-70.12,-106.00
23390,-73.19,-112.19
23378,-79.44,-123.31
23367,-87.87,-139.06
23354,-98.75,-156.87
23347,-108.50,-177.06
23343,-116.19,-194.56
23343,-121.06,-208.87
23341,-123.12,-218.31
23341,-123.37,-222.37
23344,-121.87,-224.12
23342,-120.87,-223.62
23334,-121.44,-224.12
23332,-122.50,-225.62
23331,-124.56,-226.87
23337,-124.56,-225.37
23347,-120.06,-217.87
23359,-112.06,-202.19
23372,-100.69,-181.94
23386,-87.44,-157.62
23406,-71.81,-131.06
23414,-57.37,-105.50
23415,-46.00,-85.19
23408,-40.06,-73.56
23406,-39.62,-71.81
23403,-42.00,-75.62
23398,-45.87,-81.62
23386,-50.94,-89.31
23381,-56.69,-97.44
23382,-61.31,-103.19
23386,-63.69,-104.62
23393,-61.25,-99.81
23392,-57.87,-92.31
23395,-54.06,-85.94
23400,-50.00,-79.81
23407,-46.00,-72.31
23413,-40.31,-63.31
23417,-34.44,-53.87
23421,-28.87,-44.62
23425,-24.12,-38.37
23419,-22.37,-35.00
23411,-23.62,-35.69
23402,-28.12,-40.06
23406,-32.56,-46.69
23416,-33.00,-46.50
23426,-28.94,-38.00
23438,-19.62,-23.37
23450,-8.44,-3.62
23445,-1.12,9.44
23437,1.63,13.06
23428,-0.94,9.94
23431,-5.69,2.31
23433,-8.62,-0.75
23447,-6.00,5.00
23458,1.56,18.94
23469,11.06,39.75
23481,23.00,61.13
23482,31.50,79.00
23481,36.94,89.19
23475,38.06,90.31
23474,35.88,87.69
23478,34.50,84.06
23478,33.44,83.75
23476,33.31,85.63
23480,34.50,89.50
23489,36.94,95.13
23490,39.56,100.94
23495,43.94,107.94
23491,46.25,110.38
23487,45.25,109.25
23485,43.56,105.63
23486,40.88,100.56
23490,40.25,97.56
23487,39.88,94.38
23478,37.69,86.94
23464,31.81,73.38
23449,21.25,53.38
23442,9.75,29.06
23435,-1.06,7.06
23431,-9.31,-11.31
23430,-14.00,-22.69
23433,-16.06,-27.19
23425,-18.44,-30.94
23417,-21.75,-34.87
23409,-26.81,-41.06
23408,-32.81,-48.94
23406,-37.19,-54.94
23413,-37.81,-56.37
23413,-36.37,-55.06
23417,-33.75,-52.00
23422,-29.44,-47.00
23421,-27.12,-42.00
23423,-24.37,-37.31
23426,-21.87,-33.19
23428,-20.19,-29.87
23431,-17.50,-26.12
23437,-13.81,-21.12
23446,-8.69,-13.37
23457,-1.31,-0.19
23469,8.19,15.81
23479,18.56,33.69
23485,28.13,49.06
23484,34.56,58.81
23479,36.75,61.00
23466,33.13,56.88
23459,26.31,47.56
23452,18.06,33.81
23449,10.38,21.50
23452,6.81,12.50
23454,5.50,8.63
23450,4.94,8.56
23456,6.63,10.69
23458,8.06,13.88
23467,11.19,19.75
23474,17.06,31.06
23482,23.38,44.00
23483,29.38,56.06
23480,32.38,62.50
23479,33.31,63.13
23479,32.25,61.25
23483,31.94,60.38
23483,32.31,61.50
23478,31.75,63.63
23474,30.19,63.50
23468,26.13,58.88
23465,21.38,53.06
23461,16.94,45.50
23465,14.50,42.31
23473,15.63,43.63
23483,20.00,51.69
23496,28.56,65.69
23502,37.56,80.75
23500,43.94,90.94
23487,44.50,92.00
23476,39.00,84.31
23465,29.31,69.25
23461,19.25,56.31
23466,13.81,47.75
23477,13.94,48.56
23491,20.31,57.56
23495,28.63,71.00
23503,37.56,84.81
23501,43.19,93.44
23496,44.00,94.50
23488,41.81,87.31
23473,33.88,72.19
23460,23.31,51.19
23455,12.88,29.69
23447,2.50,8.88
23436,-6.75,-11.19
23425,-15.44,-32.06
23411,-26.31,-52.75
23402,-37.31,-74.50
23391,-48.19,-95.50
23382,-58.44,-113.00
23379,-65.87,-126.37
23376,-71.75,-136.56
23381,-73.56,-138.25
23388,-71.37,-132.62
23398,-65.87,-122.56
23405,-57.94,-106.62
23406,-51.06,-93.31
23402,-47.06,-85.37
23388,-49.12,-87.00
23370,-57.37,-99.62
23356,-69.31,-118.62
23346,-82.56,-139.44
23346,-92.19,-156.56
23352,-95.75,-163.75
23364,-92.81,-160.06
23373,-85.19,-148.00
23379,-76.12,-132.75
23372,-70.37,-121.69
23366,-69.12,-117.75
23366,-70.19,-119.81
23367,-72.50,-121.87
23381,-69.56,-118.62
23391,-62.62,-107.69
23400,-53.44,-92.37
23398,-45.12,-77.44
23399,-40.12,-66.69
23393,-39.25,-62.75
23387,-42.12,-63.87
23383,-45.44,-68.75
23386,-48.25,-72.81
23387,-49.25,-73.12
23394,-47.00,-69.12
23404,-41.31,-58.94
23413,-34.19,-46.56
23416,-26.62,-35.06
23409,-22.62,-27.94
23400,-23.37,-27.87
23394,-27.87,-32.12
23401,-31.31,-36.81
23412,-30.25,-35.25
23418,-25.44,-26.44
23426,-17.19,-14.69
23432,-9.31,-1.81
23436,-3.25,9.00
23442,2.75,17.19
23443,7.00,25.81
23455,12.69,36.31
23469,20.81,49.69
23481,30.38,66.69
23488,41.31,85.00
23494,50.69,100.44
23490,55.44,109.44
23492,57.63,112.56
23477,54.31,106.94
23462,45.75,93.81
23459,37.56,79.63
23466,30.69,69.13
23478,30.63,70.44
23497,39.06,83.50
23506,50.44,103.44
23518,62.94,124.38
23529,75.06,145.13
23530,82.56,160.94
23535,89.00,173.56
23539,93.38,184.06
23550,97.69,192.25
23551,101.94,202.56
23551,104.88,209.75
23532,102.06,207.19
23507,90.25,188.31
23485,72.88,156.94
23470,51.94,119.38
23462,33.94,83.94
23456,20.88,57.63
23450,11.94,38.06
23445,5.56,20.94
23438,-0.50,5.69
23432,-6.50,-7.87
23426,-12.44,-20.31
23428,-16.56,-27.62
23427,-19.19,-31.81
23423,-21.25,-35.50
23418,-23.06,-40.62
23409,-27.62,-49.44
23398,-34.56,-61.69
23392,-41.94,-75.81
23391,-48.25,-87.56
23394,-51.50,-93.19
23402,-50.00,-92.00
23413,-44.25,-80.56
23426,-35.06,-64.00
23433,-24.94,-47.62
23434,-16.69,-32.44
23431,-12.06,-25.87
23416,-14.44,-29.12
23403,-21.81,-40.81
23396,-31.06,-55.37
23401,-38.25,-65.81
23411,-39.12,-64.94
23421,-34.25,-52.06
23430,-25.44,-33.06
23446,-13.94,-12.75
23451,-3.81,6.69
23464,7.00,24.38
23473,17.69,41.38
23480,26.06,57.44
23484,34.06,71.81
23489,39.94,82.13
23483,42.00,88.06
23479,41.31,88.94
23477,39.13,86.06
23476,35.50,81.94
23475,33.19,78.13
23476,32.13,75.88
23474,31.06,73.38
23480,31.75,74.38
23492,35.69,79.38
23506,42.81,92.31
23515,52.63,108.88
23522,62.63,127.06
23527,70.75,141.31
23523,74.31,147.94
23524,75.88,149.00
23517,73.88,145.25
23517,70.63,139.50
23517,68.38,136.56
23520,66.69,136.69
23517,66.00,138.56
23520,66.06,143.19
23521,66.44,144.75
23517,65.00,145.25
23524,66.13,145.06
23525,66.75,145.38
23536,69.81,149.19
23541,75.13,156.75
23552,81.31,168.44
23556,88.25,181.75
23564,94.38,193.69
23567,99.94,204.75
23579,105.69,215.19
23586,112.13,226.31
23598,119.50,239.06
23599,126.31,249.88
23595,129.06,254.63
23588,128.25,252.06
23580,122.44,243.25
23575,115.19,230.81
23579,110.06,222.00
23585,108.25,217.75
23586,108.69,217.38
23590,111.38,217.75
23583,111.25,212.06
23570,106.38,198.94
23560,98.81,178.69
23545,86.56,153.38
23532,72.94,126.88
23527,61.44,104.13
23525,52.06,86.06
23513,43.50,71.19
23504,36.06,56.69
23498,28.44,42.63
23499,21.69,29.69
23502,18.75,22.44
23506,19.06,25.00
23511,22.13,32.75
23522,27.63,45.94
23528,33.88,60.69
23525,38.31,69.56
23514,38.69,71.88
23511,35.56,65.94
23510,30.69,56.81
23508,26.13,49.00
23510,24.88,46.25
23511,24.63,47.00
23516,25.88,50.50
23518,28.13,55.00
23519,30.06,59.94
23520,32.00,63.63
23525,33.94,65.50
23524,35.06,67.06
23526,36.50,68.19
23521,36.38,68.75
23517,34.00,64.81
23502,28.19,56.44
23496,20.38,42.38
23489,12.19,56.44
23545,19.06,66.88
23532,26.38,75.44
23527,33.88,85.63
23525,42.56,67.75
23534,39.38,65.56
23546,42.50,73.69
23551,48.06,87.00
23548,53.31,101.38
23546,55.81,106.38
23544,54.75,106.81
23553,54.75,109.50
23559,56.94,115.69
23559,59.63,122.25
23554,61.50,126.75
23546,59.13,123.69
23543,54.56,115.44
23539,49.00,108.56
23544,46.00,105.50
23549,46.25,109.69
23564,51.00,121.06
23575,59.50,137.13
23590,70.44,155.75
23591,80.25,170.25
23578,83.00,173.31
23568,80.38,165.31
23553,70.31,149.63
23550,59.38,131.88
23549,51.50,118.56
23553,47.25,113.38
23566,50.00,116.00
23574,55.50,125.31
23578,62.19,136.56
23556,62.31,135.19
23528,52.19,119.38
23508,35.19,89.94
23499,15.06,58.31
23507,2.69,38.00
23511,-1.56,32.38
23518,0.94,38.31
23522,6.69,47.88
23519,9.63,56.13
23519,11.50,58.81
23518,11.38,57.94
23508,7.81,50.13
23498,2.50,37.63
23471,-9.50,14.75
23443,-28.19,-21.37
23402,-54.44,-70.12
23362,-87.94,-128.94
23338,-120.31,-188.94
23323,-149.06,-239.56
23324,-167.06,-273.69
23332,-172.87,-289.44
23349,-168.37,-286.56
23362,-156.94,-273.44
23363,-145.62,-257.94
23361,-136.94,-245.37
23357,-133.56,-240.62
23356,-133.75,-240.69
23354,-134.69,-240.56
23355,-134.81,-240.12
23357,-133.50,-236.75
23367,-129.44,-230.44
23367,-124.87,-222.62
23375,-118.62,-213.19
23375,-112.94,-204.56
23380,-108.56,-196.50
23389,-102.00,-185.50
23399,-95.00,-172.87
23401,-87.56,-158.62
23400,-81.69,-146.00
23407,-76.31,-135.56
23412,-72.31,-126.44
23417,-67.56,-116.44
23417,-62.62,-107.31
23424,-57.75,-99.75
23424,-54.12,-92.50
23416,-53.81,-92.06
23406,-56.00,-94.37
23404,-60.44,-98.69
23409,-63.62,-103.25
23407,-65.25,-104.00
23404,-65.12,-101.94
23405,-64.25,-100.19
23410,-63.31,-96.62
23417,-60.19,-90.12
23426,-54.06,-80.75
23434,-46.25,-68.19
23431,-40.56,-57.81
23430,-36.94,-50.75
23432,-35.06,-46.00
23438,-33.75,-41.50
23447,-29.44,-35.06
23451,-23.87,-25.69
23456,-17.62,-16.94
23456,-12.94,-8.31
23463,-8.81,-2.00
23455,-7.75,0.75
23452,-8.69,0.25
23439,-12.87,-5.25
23434,-20.00,-15.44
23428,-26.50,-27.00
23427,-32.50,-34.75
23435,-33.12,-37.12
23444,-30.25,-30.00
23455,-23.19,-16.75
23460,-14.69,-1.56
23458,-8.81,10.44
23457,-5.50,15.88
23453,-6.00,18.50
23455,-7.19,19.31
23461,-6.37,22.38
23464,-4.56,27.13
23465,-1.50,33.13
23466,1.25,37.56
23464,2.00,39.19
23456,0.00,36.56
23452,-3.25,32.19
23453,-6.44,28.63
23459,-7.62,30.63
23473,-3.31,40.56
23483,4.50,54.13
23490,13.69,69.56
23492,21.81,81.31
23498,27.88,89.25
23499,31.56,94.63
23502,34.25,96.69
23487,32.63,93.75
23479,27.50,83.06
23457,16.75,63.50
23444,2.06,35.88
23427,-12.94,4.00
23417,-28.31,-28.06
23414,-38.81,-54.81
23414,-45.94,-72.56
23418,-47.75,-79.06
23422,-46.00,-76.50
23424,-43.00,-71.50
23412,-43.06,-71.25
23395,-48.37,-78.56
23391,-55.62,-90.81
23392,-63.06,-101.12
23403,-64.69,-102.12
23412,-59.75,-95.06
23419,-52.19,-81.06
23429,-42.44,-65.50
23425,-36.50,-54.81
23414,-35.69,-53.31
23401,-39.81,-60.81
23390,-49.19,-76.44
23388,-57.94,-92.19
23390,-63.31,-100.50
23401,-62.69,-101.50
23408,-57.56,-93.50
23419,-49.25,-80.06
23435,-37.50,-62.00
23441,-27.12,-43.87
23438,-19.31,-29.94
23431,-16.12,-25.12
23421,-19.50,-31.12
23412,-26.56,-42.31
23410,-33.31,-55.62
23409,-38.44,-64.87
23416,-39.31,-65.50
23434,-33.37,-57.56
23449,-23.31,-39.00
23468,-8.37,-13.31
23471,5.50,8.81
23462,12.44,22.44
23455,13.81,24.19
23442,7.19,13.69
23429,-3.44,-2.69
23413,-15.69,-21.87
23407,-27.50,-40.87
23409,-35.44,-54.00
23419,-37.56,-56.94
23425,-34.19,-51.62
23427,-28.87,-40.62
23433,-22.62,-27.94
23442,-16.62,-15.94
23450,-10.19,-2.81
23456,-2.81,11.69
23463,4.75,26.31
23466,10.69,37.06
23468,15.06,46.94
23473,19.13,53.50
23471,20.94,56.94
23465,20.50,56.88
23454,16.81,50.56
23450,10.94,41.81
23450,5.56,32.94
23452,2.25,28.38
23456,2.75,28.63
23466,6.69,35.31
23477,13.38,47.19
23489,22.50,62.69
23500,33.25,81.06
23502,41.94,97.50
23507,49.00,108.25
23498,50.75,112.69
23491,48.00,109.56
23483,42.75,99.00
23480,35.56,86.56
23480,30.69,74.94
23481,27.88,68.19
23485,28.13,65.50
23479,27.63,62.81
23475,26.13,57.44
23462,21.13,43.06
23449,11.94,24.63
23432,0.06,2.38
23426,-12.19,-21.62
23416,-23.56,-42.62
23411,-32.87,-62.19
23401,-40.31,-77.81
23403,-45.69,-87.56
23405,-48.00,-90.69
23413,-47.00,-87.56
23415,-43.00,-78.44
23415,-39.56,-69.37
23416,-36.44,-62.69
23418,-34.81,-58.56
23415,-34.50,-57.44
23411,-35.19,-58.12
23413,-35.56,-57.81
23424,-33.75,-53.94
23440,-27.19,-45.44
23450,-17.12,-29.75
23455,-6.44,-12.69
23461,2.94,2.44
23456,6.94,10.94
23449,6.63,11.06
23445,4.06,6.19
23440,-1.25,-1.62
23438,-5.75,-9.37
23434,-9.44,-13.75
23440,-10.62,-13.87
23443,-9.75,-9.75
23452,-6.12,-1.62
23454,-1.06,6.63
23454,2.44,13.31
23452,4.63,14.44
23455,5.31,14.75
23461,7.00,15.13
23462,8.94,17.75
23473,14.13,26.81
23487,22.00,41.31
23499,31.25,59.38
23499,40.19,75.25
23493,44.75,84.50
23477,41.81,81.88
23471,34.44,69.81
23461,24.63,54.38
23461,16.38,39.06
23465,13.19,29.69
23477,14.50,29.88
23486,20.56,37.88
23494,28.63,52.00
23496,36.06,66.25
23497,40.75,77.38
23500,43.88,83.06
23497,44.19,84.00
23490,42.25,80.63
23488,39.56,74.56
23493,37.44,70.06
23494,36.31,67.63
23496,37.50,71.50
23500,40.13,77.50
23506,42.94,84.50
23508,46.00,90.63
23503,47.25,92.94
23501,47.00,92.00
23491,42.81,86.81
23493,38.63,80.69
23488,34.50,74.38
23490,31.44,72.19
23497,32.63,75.50
23509,36.31,83.75
23514,42.44,96.94
23512,47.50,106.94
23505,49.00,110.31
23503,47.00,108.94
23508,45.06,103.81
23507,43.38,99.50
23495,40.44,94.31
23478,33.81,80.13
23460,21.44,57.38
23440,4.44,25.06
23418,-14.87,-11.94
23402,-33.75,-47.56
23397,-49.12,-78.37
23390,-61.12,-101.56
23390,-67.50,-117.06
23393,-69.06,-124.12
23393,-69.37,-127.87
23397,-66.94,-126.62
23409,-61.50,-120.37
23414,-55.62,-110.94
23416,-49.31,-99.56
23413,-44.81,-91.56
23406,-45.12,-89.87
23393,-49.94,-96.19
23388,-56.44,-107.00
23386,-62.62,-118.19
23388,-66.50,-125.50
23390,-66.56,-127.25
23391,-65.19,-123.69
23398,-61.50,-116.69
23400,-57.87,-108.06
23404,-53.81,-98.50
23406,-49.50,-90.31
23408,-46.50,-83.62
23399,-46.31,-79.75
23400,-46.87,-80.69
23390,-50.44,-84.37
23387,-55.19,-90.56
23386,-57.87,-95.69
23392,-59.25,-94.25
23401,-55.87,-87.81
23406,-50.56,-76.94
23413,-43.31,-63.94
23422,-35.37,-50.81
23430,-27.81,-37.81
23430,-21.56,-28.69
23421,-19.31,-24.87
23416,-20.62,-27.12
23416,-23.87,-32.06
23422,-25.62,-33.25
23429,-23.37,-28.94
23439,-17.44,-17.62
23448,-9.25,-2.94
23458,-0.19,14.63
23471,10.31,33.00
23475,19.25,48.69
23471,24.81,59.19
23468,27.06,63.31
23463,24.81,62.94
23462,21.31,58.81
23455,17.06,55.19
23450,12.44,50.63
23453,9.81,48.88
23455,7.94,47.63
23456,8.13,47.94
23458,10.00,50.50
23458,11.13,50.50
23454,10.75,49.25
23444,7.63,45.25
23438,2.56,35.56
23434,-3.44,25.94
23438,-7.37,18.88
23447,-6.56,17.44
23458,-1.50,27.25
23472,8.00,42.00
23480,18.44,60.38
23484,27.50,75.50
23471,30.50,81.00
23462,27.69,76.19
23455,21.13,66.44
23457,14.19,56.31
23458,10.81,51.50
23461,10.44,51.69
23456,10.63,52.13
23463,12.00,55.81
23472,15.38,60.75
23481,20.25,69.19
23487,27.75,80.25
23491,34.50,88.19
23494,39.63,93.31
23489,41.19,91.88
23474,37.56,82.25
23459,29.19,63.94
23443,16.13,36.75
23417,-2.00,2.63
23396,-21.50,-34.19
23379,-41.31,-69.31
23370,-59.12,-100.37
23364,-71.81,-121.87
23358,-80.56,-135.12
23360,-84.50,-140.56
23363,-85.37,-139.12
23374,-82.00,-133.00
23379,-75.94,-123.19
23383,-69.44,-111.19
23391,-61.75,-97.81
23406,-53.12,-82.81
23410,-44.87,-68.00
23408,-38.19,-57.56
23389,-38.31,-56.75
23370,-46.94,-67.94
23363,-58.19,-85.75
23369,-67.31,-101.12
23375,-70.12,-106.62
23388,-64.94,-101.56
23391,-57.31,-89.81
23399,-49.25,-76.19
23397,-43.31,-66.94
23397,-40.62,-61.00
23393,-39.69,-59.87
23491,-16.31,-16.50
23494,8.13,27.44
23489,31.06,67.13
23474,51.00,102.44
23375,21.50,48.38
23380,-7.19,-2.87
23389,-32.12,-48.56
23389,-53.06,-86.06
23393,-48.00,-77.94
23395,-43.81,-70.12
23398,-41.12,-61.94
23405,-36.75,-51.56
23417,-30.37,-36.31
23431,-21.06,-15.69
23449,-8.12,10.50
23464,6.75,37.38
23468,19.38,61.75
23468,28.44,77.88
23467,32.69,86.06
23471,34.06,92.50
23479,36.50,97.56
23486,40.63,106.06
23490,45.94,115.25
23494,51.25,122.31
23494,54.50,126.63
23492,55.50,127.88
23484,53.44,124.88
23471,47.19,113.63
23456,37.19,97.00
23450,26.31,77.00
23454,18.56,63.44
23464,16.63,62.56
23480,22.50,72.94
23496,33.75,92.75
23504,45.94,114.06
23503,55.19,129.44
23505,60.88,137.63
23496,60.25,138.00
23492,56.63,132.13
23484,51.31,124.81
23485,45.81,117.31
23486,42.88,112.63
23489,41.69,109.50
23484,41.25,105.63
23481,39.81,100.06
23474,36.44,89.81
23466,30.31,73.94
23451,21.81,53.94
23436,10.31,30.38
23423,-2.56,4.31
23413,-15.75,-22.00
23399,-28.62,-46.50
23390,-39.81,-68.75
23382,-49.69,-88.56
23381,-57.19,-103.69
23386,-59.87,-112.94
23390,-59.25,-116.06
23391,-56.37,-112.44
23395,-52.31,-106.56
23391,-50.50,-100.75
23392,-49.50,-96.00
23397,-47.50,-93.25
23401,-45.56,-90.06
23397,-43.62,-88.37
23392,-43.19,-88.00
23396,-43.00,-88.37
23396,-43.81,-88.44
23400,-42.62,-87.31
23397,-41.00,-84.69
23398,-40.12,-79.37
23406,-37.19,-73.37
23409,-34.56,-65.62
23403,-32.69,-60.44
23398,-32.37,-60.56
23397,-34.31,-63.19
23399,-36.50,-66.56
23404,-35.87,-64.69
23414,-31.50,-56.31
23419,-25.69,-44.75
23424,-19.12,-32.31
23429,-12.69,-20.69
23433,-7.81,-12.19
23433,-4.25,-4.81
23434,-1.75,0.75
23438,0.50,4.69
23442,2.75,9.88
23439,4.25,15.00
23442,6.25,19.31
23442,7.19,22.88
23441,6.88,25.38
23444,8.06,24.63
23445,8.69,25.63
23444,9.13,24.88
23441,9.00,22.63
23441,8.13,20.94
23441,7.06,19.00
23449,8.25,21.81
23451,10.69,27.88
23464,16.31,38.06
23472,23.88,50.69
23486,32.88,65.19
23499,44.56,82.75
23500,53.13,98.69
23501,59.88,110.69
23493,61.00,115.81
23493,58.88,114.69
23491,56.06,111.31
23499,55.00,109.69
23500,56.19,114.13
23516,61.38,125.25
23531,70.75,144.75
23558,84.81,171.81
23569,101.25,203.56
23584,117.25,232.50
23582,128.81,252.88
23572,131.00,258.13
23546,123.94,245.81
23531,109.44,221.63
23519,92.63,191.94
23512,76.69,163.50
23502,64.94,140.13
23499,56.31,120.44
23491,48.75,102.50
23484,41.25,85.25
23473,33.56,64.38
23462,23.94,43.25
23453,14.19,21.81
23439,2.81,-1.44
23428,-8.44,-24.19
23415,-20.06,-46.69
23405,-31.87,-68.25
23404,-40.31,-84.56
23406,-45.44,-92.44
23409,-46.50,-93.25
23419,-42.50,-87.31
23418,-38.56,-80.69
23415,-35.94,-75.87
23408,-35.81,-76.37
23399,-40.50,-82.87
23391,-46.87,-91.31
23388,-53.12,-99.62
23391,-56.87,-105.62
23389,-58.81,-108.31
23392,-57.94,-107.69
23396,-55.37,-103.62
23398,-53.06,-97.37
23400,-49.75,-89.87
23398,-47.75,-85.25
23394,-47.75,-84.69
23393,-48.50,-87.56
23388,-51.00,-93.69
23384,-54.00,-100.00
23381,-56.75,-106.25
23387,-57.69,-108.44
23397,-54.87,-105.62
23408,-48.31,-96.06
23416,-39.06,-83.06
23416,-31.44,-71.25
23419,-25.62,-60.50
23421,-22.12,-52.12
23425,-19.62,-46.62
23428,-16.44,-41.12
23431,-13.25,-34.75
23437,-9.12,-28.19
23437,-6.06,-21.62
23433,-4.75,-18.44
23425,-6.25,-20.25
23418,-10.94,-27.31
23412,-17.06,-37.31
23405,-23.87,-46.44
23403,-29.12,-54.00
23409,-31.06,-56.94
23418,-29.25,-53.37
23425,-23.94,-44.31
23436,-15.44,-30.56
23439,-7.81,-15.00
23436,-3.25,-3.37
23432,-1.50,1.88
23426,-4.00,2.31
23430,-6.19,-0.75
23433,-6.87,-0.94
23437,-5.56,3.81
23435,-3.25,8.31
23428,-3.75,9.00
23423,-6.19,5.63
23423,-9.62,0.31
23428,-11.25,-1.44
23436,-9.12,2.81
23449,-2.56,14.81
23459,6.50,32.69
23477,18.69,53.81
23482,30.00,75.31
23481,37.69,89.56
23475,41.31,94.44
23465,37.88,87.75
23451,29.75,71.88
23440,19.19,51.13
23419,4.94,25.88
23415,-7.62,2.38
23407,-18.56,-18.94
23400,-28.37,-37.25
23392,-34.81,-55.12
23377,-43.94,-76.31
23361,-55.00,-100.75
23342,-68.94,-130.25
23334,-82.75,-157.00
23331,-93.44,-175.44
23340,-97.75,-182.94
23347,-95.50,-177.81
23353,-89.81,-166.25
23353,-83.44,-154.56
23349,-80.31,-147.06
23343,-80.50,-146.87
23338,-83.44,-150.94
23330,-88.31,-157.44
23332,-91.69,-162.06
23334,-93.06,-161.19
23348,-89.62,-153.06
23358,-81.75,-136.56
23372,-70.94,-118.50
23368,-61.69,-104.56
23354,-59.56,-101.25
23338,-63.94,-111.94
23327,-74.56,-128.56
23323,-85.06,-145.00
23326,-91.19,-152.56
23336,-90.81,-149.31
23345,-85.44,-139.06
23353,-77.12,-124.44
23361,-67.62,-110.69
23365,-59.69,-98.31
23366,-53.81,-90.56
23360,-51.50,-87.69
23353,-53.00,-89.56
23351,-55.94,-94.94
23349,-59.62,-100.00
23349,-61.75,-103.00
23343,-63.62,-104.00
23347,-64.00,-103.44
23351,-62.87,-100.12
23360,-59.50,-92.87
23360,-54.62,-85.19
23363,-50.12,-75.37
23366,-45.87,-68.37
23363,-44.69,-66.94
23362,-43.75,-67.00
23363,-43.31,-66.81
23370,-41.87,-63.69
23380,-37.19,-54.81
23392,-29.31,-39.50
23407,-18.00,-22.62
23414,-6.81,-3.62
23416,2.25,9.44
23409,6.44,13.81
23400,4.63,10.19
23392,-0.94,-1.19
23391,-7.19,-11.94
23389,-12.12,-18.06
23394,-13.50,-17.37
23413,-8.12,-7.19
23429,1.44,9.88
23431,11.94,28.81
23432,21.31,45.25
23433,26.13,55.06
23431,26.38,56.56
23425,24.63,54.25
23426,22.88,48.25
23424,20.38,43.00
23428,19.44,41.56
23433,21.25,42.88
23438,24.06,48.69
23437,27.13,51.94
23422,25.31,47.38
23404,17.81,31.63
23384,4.13,5.06
23370,-12.69,-26.69
23355,-29.31,-57.87
23348,-43.06,-84.00
23342,-53.12,-102.94
23341,-59.87,-117.19
23336,-64.00,-125.81
23333,-67.06,-132.81
23326,-70.37,-138.75
23328,-72.87,-142.87
23329,-73.87,-144.19
23339,-71.62,-139.00
23350,-64.94,-127.81
23362,-55.81,-112.25
23370,-45.00,-95.12
23376,-35.31,-78.94
23383,-26.69,-65.94
23381,-21.69,-57.06
23377,-19.75,-52.75
23371,-20.81,-53.50
23376,-22.37,-53.44
23382,-21.87,-51.12
23390,-18.37,-45.06
23396,-11.94,-33.06
23399,-6.06,-21.75
23391,-3.75,-16.06
23376,-7.25,-20.44
23364,-15.19,-33.00
23367,-23.06,-45.94
23373,-27.31,-52.69
23379,-26.25,-49.87
23390,-19.50,-39.37
23397,-11.81,-26.19
23405,-3.75,-12.69
23412,4.50,-0.56
23412,9.94,10.19
23417,14.88,17.81
23423,19.25,25.63
23430,23.56,36.06
23434,28.88,45.69
23436,33.31,54.50
23430,34.75,58.94
23425,33.13,56.63
23418,28.75,50.81
23413,22.75,43.31
23420,20.00,38.38
23425,19.81,39.00
23432,23.13,45.13
23439,29.38,55.38
23440,34.06,65.38
23440,37.50,70.69
23431,36.88,70.00
23430,34.25,65.31
23429,31.19,60.13
23436,29.88,59.31
23441,32.06,62.44
23442,34.75,68.81
23438,36.63,71.63
23414,30.75,61.63
23374,13.75,35.25
23336,-12.87,-7.56
23313,-44.00,-55.75
23306,-70.56,-95.69
23311,-85.62,-116.69
23331,-86.06,-115.81
23348,-76.44,-100.12
23357,-62.94,-77.87
23357,-50.81,-59.87
23351,-45.25,-52.00
23341,-46.56,-55.00
23332,-52.31,-64.94
23331,-58.31,-75.56
23331,-62.75,-84.06
23334,-63.87,-87.19
23340,-61.25,-86.56
23347,-56.62,-84.44
23346,-52.31,-82.87
23342,-49.75,-84.56
23337,-50.00,-92.69
23319,-56.50,-108.00
23305,-66.19,-129.87
23290,-78.56,-153.06
23285,-90.81,-173.31
23289,-97.37,-184.81
23289,-100.37,-186.25
23302,-96.37,-181.19
23308,-89.62,-171.12
23314,-82.50,-161.19
23318,-74.44,-150.81
23322,-68.69,-142.25
23307,-68.25,-141.56
23297,-71.81,-147.37
23288,-78.62,-158.37
23288,-86.31,-169.06
23288,-90.19,-174.12
23288,-91.56,-173.12
23292,-89.62,-167.69
23301,-85.50,-157.75
23316,-77.69,-143.94
23319,-69.12,-128.25
23321,-61.19,-112.44
23327,-54.06,-99.31
23330,-50.00,-89.06
23324,-48.25,-83.94
23314,-49.50,-83.87
23313,-52.50,-87.06
23313,-56.25,-91.94
23312,-58.69,-95.25
23308,-59.62,-96.50
23311,-59.50,-96.50
23319,-57.37,-92.06
23335,-51.06,-82.44
23326,-46.06,-74.87
23309,-46.12,-73.87
23303,-49.69,-78.87
23312,-54.94,-86.31
23321,-55.62,-84.69
23332,-49.31,-74.37
23332,-41.56,-62.12
23330,-36.62,-51.25
23337,-32.25,-44.75
23322,-34.44,-57.06
23307,-40.31,-74.75
23297,-48.19,-98.25
23288,-59.94,-126.00
23372,-46.81,-94.25
23371,-30.37,-56.56
23367,-12.56,-15.25
23359,5.31,26.13
23346,-1.25,16.88
23324,-13.00,0.50
23316,-25.62,-19.50
23317,-35.87,-33.81
23330,-39.56,-36.69
23345,-33.87,-25.87
23363,-21.81,-2.12
23384,-4.87,27.13
23402,13.19,58.06
23402,27.31,83.00
23393,34.56,96.44
23384,34.25,96.75
23380,28.44,88.31
23379,22.38,78.94
23388,20.88,75.63
23393,22.88,80.38
23402,28.13,92.06
23412,36.13,104.38
23413,42.06,114.31
23410,45.94,118.94
23408,47.00,119.25
23409,45.75,119.06
23418,46.50,121.38
23425,49.75,127.38
23430,54.75,136.63
23435,60.69,146.00
23425,61.88,148.56
23411,57.75,141.31
23388,46.69,122.88
23374,31.00,97.19
23362,14.94,69.50
23349,-0.69,42.81
23339,-12.94,18.38
23330,-23.81,-3.56
23328,-32.12,-21.56
23328,-37.06,-34.56
23322,-40.94,-45.44
23310,-45.56,-56.25
23298,-52.56,-69.94
23288,-62.06,-84.50
23283,-71.19,-98.44
23279,-78.19,-108.19
23287,-80.19,-111.62
23294,-77.87,-107.50
23306,-71.37,-96.69
23312,-62.44,-83.75
23309,-56.31,-74.37
23298,-54.75,-72.87
23295,-56.94,-75.37
23299,-59.62,-79.12
23308,-59.25,-77.37
23323,-52.37,-67.62
23334,-42.12,-52.44
23345,-30.19,-32.87
23361,-16.62,-11.00
23371,-4.50,10.63
23384,8.06,31.50
23395,20.50,51.94
23403,30.75,69.63
23410,40.19,84.19
23405,45.00,93.38
23403,46.56,96.44
23403,46.13,96.00
23396,42.19,92.50
23398,40.06,90.56
23410,41.38,92.88
23420,45.19,99.94
23429,53.00,113.19
23438,62.44,129.31
23440,69.31,142.06
23434,72.13,148.13
23420,69.13,144.69
23409,61.19,133.25
23407,52.31,119.63
23402,43.81,108.69
23407,40.13,104.81
23414,41.00,106.75
23415,42.63,111.69
23412,44.69,115.31
23407,44.25,114.69
23396,39.31,107.50
23389,32.44,96.44
23380,24.13,82.25
23360,12.13,64.44
23335,-3.25,41.81
23317,-21.25,13.88
23301,-40.81,-15.25
23295,-56.62,-40.37
23302,-64.31,-53.69
23307,-66.19,-56.37
23324,-59.75,-47.56
23346,-46.44,-29.06
23370,-29.00,-3.06
23395,-6.69,31.44
23418,16.88,68.13
23433,38.50,101.19
23435,54.38,126.19
23438,64.56,142.19
23434,67.88,149.50
23432,66.94,151.50
23435,66.25,152.50
23436,65.13,154.50
23445,67.25,159.44
23446,70.06,166.31
23449,72.88,172.88
23450,75.63,177.38
23453,76.88,179.38
23454,78.13,180.38
23452,78.13,179.56
23445,76.13,174.00
23431,69.88,160.75
23412,58.69,137.88
23398,44.56,108.25
23387,29.56,78.44
23380,16.50,53.38
23381,8.56,36.81
23380,4.00,26.69
23371,0.00,16.94
23357,-5.75,5.06
23347,-14.19,-10.69
23343,-23.31,-25.56
23342,-30.37,-36.06
23344,-33.31,-39.94
23349,-32.50,-38.31
23351,-30.19,-34.44
23351,-27.62,-30.62
23347,-26.62,-30.12
23339,-28.87,-34.56
23321,-36.06,-44.94
23309,-46.19,-59.94
23303,-56.69,-76.56
23301,-65.56,-88.31
23299,-70.44,-94.44
23309,-69.75,-94.75
23311,-67.06,-91.06
23311,-63.94,-86.62
23316,-59.00,-83.00
23315,-56.87,-79.19
23318,-54.56,-74.87
23321,-51.50,-71.37
23321,-49.75,-66.19
23329,-45.75,-60.25
23334,-41.31,-52.87
23339,-36.37,-45.37
23343,-30.50,-37.94
23348,-25.44,-31.81
23349,-21.44,-29.50
23353,-17.75,-26.69
23348,-16.31,-25.12
23350,-15.69,-22.87
23353,-14.50,-16.44
23364,-11.62,-7.81
23368,-6.56,3.00
23365,-2.75,10.19
23362,-0.50,13.38
23356,-2.50,10.50
23357,-5.19,5.38
23358,-6.87,3.06
23358,-7.81,2.25
23358,-7.19,4.50
23352,-8.37,5.75
23340,-12.81,0.44
23325,-20.94,-11.31
23313,-32.00,-25.94
23315,-40.94,-39.69
23318,-46.00,-45.50
23325,-45.50,-43.06
23325,-42.06,-37.12
23324,-39.37,-31.00
23322,-38.00,-27.69
23321,-38.62,-27.87
23319,-39.69,-29.87
23319,-40.56,-32.12
23327,-38.87,-30.31
23341,-33.50,-22.25
23364,-21.94,-4.25
23389,-4.19,23.56
23403,14.81,54.81
23412,32.44,84.50
23417,45.38,105.13
23412,50.63,116.56
23414,52.88,121.13
23409,51.56,119.88
23406,48.25,115.19
23394,43.31,105.06
23387,36.13,91.06
23378,28.06,75.44
23372,19.31,59.94
23366,12.13,45.31
23358,4.81,31.06
23352,-1.75,17.25
23352,-6.75,4.06
23355,-9.44,-6.19
23350,-11.37,-13.87
23346,-12.75,-22.00
23334,-17.12,-32.75
23320,-25.75,-47.69
23309,-35.75,-66.19
23301,-46.69,-83.75
23297,-55.44,-96.19
23301,-59.62,-101.75
23302,-60.75,-101.00
23307,-58.62,-95.50
23312,-54.31,-86.81
23323,-48.25,-76.19
23322,-42.81,-65.69
23324,-38.12,-56.31
23321,-35.50,-51.75
23314,-37.37,-52.50
23308,-40.50,-55.44
23313,-42.87,-58.37
23319,-42.94,-57.50
23322,-40.50,-52.37
23326,-35.56,-46.12
23323,-32.69,-40.37
23323,-31.37,-38.25
23308,-34.56,-43.62
23288,-43.75,-57.19
23268,-57.06,-78.87
23256,-73.25,-102.81
23253,-86.31,-123.56
23255,-93.69,-135.81
23256,-95.75,-138.69
23251,-96.00,-138.31
23243,-97.50,-137.44
23245,-99.00,-139.56
23241,-101.75,-141.94
23245,-102.25,-142.50
23248,-100.00,-138.06
23262,-94.75,-126.94
23278,-84.56,-109.69
23299,-70.19,-85.12
23311,-53.75,-58.75
23314,-40.25,-36.44
23304,-33.37,-24.56
23293,-34.56,-26.56
23283,-41.19,-36.56
23278,-49.75,-50.19
23279,-55.50,-58.94
23282,-57.69,-61.31
23291,-55.12,-57.94
23304,-48.06,-45.81
23322,-36.81,-28.37
23338,-22.44,-5.87
23353,-6.69,19.44
23366,8.88,43.19
23373,21.56,61.00
23369,29.06,71.38
23358,30.00,73.13
23359,27.94,69.94
23361,24.63,67.25
23367,23.88,67.88
23378,28.63,75.94
23388,35.63,89.44
23405,46.31,106.56
23414,57.63,125.94
23423,68.31,142.94
23425,76.88,156.50
23430,82.31,166.69
23438,87.50,175.06
23440,90.88,183.56
23443,94.44,191.94
23442,96.50,197.25
23438,95.50,197.75
23435,93.31,193.81
23432,89.63,185.13
23421,83.50,173.56
23410,75.69,158.56
23399,65.88,140.94
23383,53.00,121.31
23369,39.44,98.56
23353,24.81,74.88
23343,10.63,49.38
23333,-2.00,25.13
23327,-12.44,4.38
23324,-19.56,-11.94
23324,-24.12,-21.81
23333,-23.87,-25.12
23340,-20.44,-22.12
23339,-16.50,-17.62
23329,-15.12,-15.94
23325,-17.00,-18.50
23325,-20.56,-22.81
23327,-23.37,-25.62
23328,-23.37,-24.12
23337,-20.12,-17.87
23346,-14.69,-8.44
23358,-6.81,2.44
23356,0.25,10.19
23350,3.50,12.31
23339,1.75,6.94
23332,-4.75,-2.44
23329,-11.44,-11.19
23333,-15.56,-16.31
23334,-16.69,-16.37
23341,-14.25,-11.44
23353,-8.12,-2.06
23358,-1.81,8.19
23363,5.50,19.56
23361,10.44,27.13
23356,11.06,28.38
23346,7.94,25.88
23341,2.31,18.38
23337,-3.69,10.94
23345,-6.37,6.81
23347,-6.06,8.00
23355,-2.50,14.19
23365,4.50,24.81
23370,10.69,37.06
23377,18.13,49.44
23382,24.69,62.44
23393,31.44,76.06
23401,38.88,89.06
23402,44.69,100.13
23405,50.00,108.63
23408,53.25,112.75
23410,55.00,116.13
23409,56.19,116.75
23401,54.63,113.81
23400,52.06,110.94
23404,50.00,107.31
23409,49.50,106.25
23409,51.00,108.69
23409,52.75,111.13
23408,53.25,113.50
23412,53.50,114.88
23417,55.00,118.75
23426,58.69,124.56
23432,64.13,131.81
23433,68.75,140.19
23437,73.06,147.00
23433,74.13,150.50
23420,70.38,148.00
23410,63.88,139.81
23407,55.75,128.19
23411,49.69,118.94
23424,50.19,116.50
23426,53.69,120.56
23433,59.63,126.63
23431,64.00,130.31
23427,64.13,127.75
23420,62.00,119.00
23409,55.38,106.56
23409,49.31,92.25
23404,43.06,79.13
23393,35.88,62.31
23376,27.25,40.69
23360,14.75,14.81
23342,-0.94,-15.12
23335,-15.44,-40.50
23334,-25.75,-57.87
23335,-31.75,-66.31
23342,-31.44,-65.37
23348,-27.87,-57.69
23361,-20.87,-46.06
23365,-13.19,-34.56
23369,-6.25,-24.75
23371,-0.44,-17.00
23379,4.06,-11.87
23377,7.06,-7.31
23374,8.19,-4.75
23366,6.88,-7.44
23357,1.31,-13.37
23353,-4.69,-21.94
23351,-10.37,-29.69
23352,-13.75,-33.69
23352,-14.87,-34.31
23356,-14.00,-30.00
23363,-10.87,-23.19
23369,-6.50,-13.19
23371,-1.69,-2.06
23378,3.81,5.44
23379,7.81,12.38
23387,12.19,17.75
23388,16.31,23.06
23381,16.94,25.88
23373,15.25,24.13
23366,9.88,18.38
23367,4.56,9.69
23368,1.25,6.06
23373,1.25,7.50
23381,5.00,12.94
23387,9.94,22.06
23391,15.56,31.13
23390,19.63,38.06
23390,21.69,42.44
23389,22.00,41.50
23384,20.06,37.81
23388,19.38,34.44
23393,19.88,34.31
23400,22.38,40.50
23377,20.38,31.88
23374,16.69,21.81
23366,9.81,5.63
23357,-1.00,-16.69
23423,10.50,8.44
23417,21.13,32.56
23406,30.88,55.00
23392,39.31,74.19
23385,29.44,58.69
23395,23.69,49.63
23408,24.00,52.13
23416,29.75,63.63
23419,37.94,79.00
23421,44.00,91.44
23424,47.56,97.50
23416,47.06,97.25
23405,43.13,91.56
23403,38.25,81.69
23399,31.56,70.38
23392,25.25,58.44
23382,19.25,45.06
23366,9.75,26.06
23347,-3.31,0.56
23332,-18.25,-30.44
23316,-34.56,-61.87
23310,-48.19,-89.00
23313,-56.19,-106.87
23320,-58.62,-113.56
23335,-53.31,-108.94
23342,-44.75,-96.56
23349,-35.31,-82.56
23344,-28.94,-73.00
23339,-27.62,-68.25
23335,-29.12,-69.56
23338,-31.62,-72.87
23340,-32.31,-73.62
23343,-31.00,-72.62
23346,-27.94,-67.94
23345,-25.87,-62.50
23348,-23.62,-56.87
23348,-22.12,-52.56
23353,-20.19,-49.00
23354,-17.75,-45.00
23361,-14.31,-38.81
23361,-10.94,-31.44
23368,-7.06,-23.37
23373,-2.25,-14.94
23376,1.50,-8.31
23377,5.50,-3.00
23372,6.44,0.25
23375,6.88,0.75
23371,5.56,-1.50
23365,2.50,-7.19
23357,-1.25,-15.12
23350,-7.50,-26.44
23343,-14.44,-39.44
23340,-20.56,-49.56
23340,-24.62,-57.06
23344,-25.87,-57.50
23355,-22.62,-48.87
23372,-14.37,-34.62
23384,-3.19,-13.50
23397,10.13,8.88
23405,22.56,28.75
23408,31.31,44.19
23415,38.75,54.25
23414,42.63,60.94
23419,45.69,65.88
23421,48.50,71.25
23425,50.50,77.25
23424,52.50,83.25
23431,54.94,90.13
23435,57.88,96.44
23433,59.25,101.75
23433,60.88,104.50
23431,60.31,104.19
23429,58.19,103.94
23430,56.88,104.13
23431,55.81,104.31
23431,55.25,105.31
23427,54.25,105.25
23425,52.50,101.94
23420,49.25,98.69
23417,45.25,92.94
23414,41.50,88.25
23419,39.56,85.38
23422,39.63,85.50
23423,40.75,89.38
23423,42.63,92.44
23430,44.94,98.31
23439,48.75,106.06
23448,54.50,114.50
23451,60.94,124.38
23451,65.56,131.38
23450,67.69,134.31
23436,64.00,128.00
23410,53.13,108.50
23387,36.63,77.38
23368,15.75,38.88
23365,-2.19,4.25
23370,-12.19,-16.56
23383,-13.06,-22.12
23398,-5.44,-14.19
23406,4.88,-0.31
23406,13.81,12.69
23411,20.69,22.81
23412,23.94,28.63
23414,25.69,31.56
23411,26.69,31.00
23409,25.88,30.44
23410,25.13,29.88
23408,23.38,28.38
23407,22.19,28.56
23400,19.75,24.00
23389,14.31,15.75
23387,8.94,7.06
23389,4.31,1.25
23398,3.75,2.50
23409,8.75,11.50
23421,17.19,27.38
23428,26.75,41.63
23421,32.25,51.25
23412,32.63,51.19
23394,25.50,39.69
23385,14.50,22.31
23383,4.81,6.56
23389,-0.94,-2.25
23391,-1.62,-3.25
23395,0.94,0.50
23389,2.44,4.00
23384,1.13,0.25
23375,-2.94,-7.75
23361,-11.44,-20.69
23355,-19.81,-36.50
23348,-28.62,-48.62
23350,-34.56,-56.87
23353,-36.19,-57.06
23364,-33.56,-50.00
23371,-27.44,-37.00
23380,-19.69,-21.62
23387,-11.00,-5.62
23394,-3.37,9.69
23398,3.38,21.06
23397,7.63,29.13
23392,8.75,31.56
23383,5.88,27.75
23381,1.56,21.75
23382,-2.19,16.00
23385,-3.87,12.88
23389,-2.31,14.25
23395,1.25,19.56
23403,6.44,28.13
23420,15.13,41.31
23436,26.69,58.69
23444,38.69,76.63
23443,48.31,90.38
23435,51.56,96.50
23431,49.81,95.50
23434,46.81,91.81
23431,43.38,87.88
23424,40.19,82.75
23411,34.81,73.44
23409,28.19,61.44
23410,22.63,51.31
23415,20.13,45.50
23410,19.69,43.06
