25733,9.27,18.33
25715,1.55,-2.84
25705,-9.28,-30.70
25688,-21.06,-64.17
25676,-34.26,-99.47
25656,-47.29,-133.25
25650,-58.68,-162.83
25633,-69.50,-185.69
25630,-77.52,-202.16
25617,-83.40,-215.30
25610,-89.23,-225.05
25597,-93.77,-234.80
25587,-99.83,-244.30
25582,-103.59,-252.58
25577,-106.66,-257.69
25568,-108.57,-261.80
25557,-110.64,-264.70
25548,-113.61,-266.72
25541,-116.93,-269.64
25532,-120.09,-271.66
25523,-122.59,-274.58
25511,-125.71,-279.84
25507,-127.92,-288.09
25494,-131.02,-295.70
25487,-133.47,-301.92
25481,-134.29,-304.58
25479,-134.58,-301.61
25476,-132.35,-296.27
25471,-129.73,-288.45
25467,-126.75,-280.03
25464,-124.16,-273.78
25451,-124.20,-269.84
25447,-123.99,-270.59
25437,-125.30,-271.56
25432,-127.03,-275.98
25415,-129.68,-282.44
25410,-132.45,-287.08
25404,-134.07,-289.23
25403,-134.62,-284.27
25400,-131.64,-274.31
25398,-128.06,-261.84
25393,-124.41,-249.50
25397,-119.68,-237.03
25398,-114.20,-221.17
25407,-106.23,-200.86
25412,-96.17,-177.06
25426,-84.12,-148.45
25433,-71.16,-117.53
25452,-56.35,-86.41
25459,-41.79,-54.33
25469,-28.95,-27.36
25476,-16.75,-3.98
25480,-8.91,14.22
25483,-2.47,25.75
25482,0.90,31.70
25485,3.10,32.36
25486,4.45,28.48
25481,3.73,21.06
25476,2.05,10.27
25464,-3.30,-4.50
25462,-9.14,-19.27
25453,-15.69,-32.05
25463,-18.15,-38.19
25466,-16.74,-33.53
25479,-11.66,-18.11
25490,-1.82,4.55
25503,8.27,32.56
25512,19.35,58.69
25521,28.88,80.50
25523,35.69,96.22
25523,38.91,101.41
25517,38.21,98.59
25511,33.80,88.17
25503,27.12,69.52
25490,17.52,43.80
25473,5.64,11.11
25454,-8.90,-29.20
25438,-24.70,-68.00
25434,-37.47,-99.36
25431,-46.09,-116.89
25431,-49.54,-121.30
25434,-48.06,-115.23
25437,-44.91,-105.47
25432,-42.41,-98.95
25423,-42.29,-96.75
25417,-44.43,-102.91
25412,-48.45,-111.02
25407,-52.28,-118.47
25409,-53.17,-121.55
25411,-52.01,-116.72
25416,-48.41,-108.12
25418,-43.24,-96.47
25424,-37.33,-83.14
25424,-32.21,-69.98
25431,-26.84,-57.48
25431,-22.26,-46.11
25435,-18.39,-37.31
25429,-16.23,-34.45
25431,-15.42,-32.48
25430,-14.90,-32.86
25429,-15.66,-35.97
25421,-16.88,-39.17
25419,-19.03,-46.72
25411,-22.83,-58.62
25400,-28.94,-75.19
25385,-36.48,-93.67
25378,-44.91,-113.23
25374,-51.91,-129.58
25365,-58.07,-141.34
25362,-60.92,-148.53
25354,-63.88,-153.11
25347,-67.43,-158.45
25346,-68.80,-161.53
25343,-70.11,-163.70
25336,-71.10,-164.77
25331,-71.55,-163.78
25330,-71.97,-164.09
25324,-73.12,-163.14
25327,-71.72,-156.47
25339,-66.13,-139.89
25350,-57.83,-114.16
25355,-47.19,-88.19
25353,-38.33,-68.03
25351,-33.41,-58.62
25350,-31.74,-55.94
25349,-31.66,-55.66
25355,-29.58,-53.38
25358,-26.34,-44.47
25370,-20.02,-28.75
25384,-10.27,-4.31
25402,2.00,25.66
25410,14.90,57.12
25429,28.90,88.53
25443,42.20,119.62
25460,54.59,149.88
25471,67.11,178.14
25475,75.26,198.47
25484,81.74,211.78
25484,83.66,217.20
25487,83.48,215.84
25484,81.55,210.56
25481,76.72,200.53
25478,71.38,187.75
25476,65.06,174.86
25482,61.31,164.11
25486,59.50,158.91
25493,60.27,157.47
25492,61.26,158.84
25497,61.95,160.16
25497,61.59,158.66
25499,60.02,153.22
25498,58.52,146.06
25496,55.34,139.00
25498,52.82,131.05
25498,49.93,124.00
25499,47.69,112.05
25484,42.30,92.95
25479,35.44,67.56
25460,24.16,35.94
25450,10.70,3.39
25440,-0.83,-26.53
25435,-11.78,-51.72
25432,-18.20,-69.14
25431,-22.03,-78.94
25429,-23.68,-83.23
25431,-23.50,-83.81
25428,-23.32,-82.88
25431,-22.16,-81.23
25429,-21.05,-78.17
25431,-19.99,-76.27
25424,-20.00,-75.20
25423,-21.00,-75.94
25413,-23.95,-82.14
25406,-29.01,-89.53
25402,-33.05,-98.05
25400,-37.16,-107.14
25394,-40.05,-110.80
25394,-41.04,-112.27
25394,-40.98,-108.16
25398,-39.43,-100.25
25399,-36.21,-89.73
25402,-32.41,-76.73
25408,-27.29,-65.14
25408,-23.43,-53.39
25411,-19.26,-43.72
25411,-16.04,-36.80
25408,-15.23,-33.22
25405,-15.22,-33.55
25401,-16.96,-38.12
25398,-19.37,-42.47
25401,-20.15,-46.59
25402,-19.89,-47.02
25401,-18.89,-44.16
25401,-17.20,-42.44
25396,-17.59,-42.81
25393,-18.96,-47.67
25384,-22.27,-56.05
25382,-25.91,-64.50
25384,-27.61,-69.78
25386,-27.98,-70.05
25396,-23.58,-62.03
25399,-18.15,-47.42
25405,-11.99,-32.30
25397,-8.64,-22.94
25392,-9.21,-22.80
25388,-11.50,-29.66
25388,-15.18,-36.17
25394,-15.17,-37.11
25397,-13.16,-30.75
25406,-7.99,-18.47
25410,-2.09,-1.55
25420,4.52,16.03
25418,9.54,30.22
25419,12.30,34.45
25404,10.19,29.73
25402,5.18,18.00
25399,0.17,4.61
25400,-4.59,-3.12
25395,-6.61,-7.22
25398,-7.28,-6.61
25398,-7.17,-2.78
25404,-5.81,3.86
25407,-2.52,12.42
25417,2.36,21.80
25419,7.49,31.45
25427,12.87,41.64
25428,17.48,50.80
25435,21.10,58.02
25430,22.80,61.62
25435,23.66,63.30
25435,24.23,63.39
25435,23.02,62.97
25434,22.87,61.31
25428,19.98,54.98
25420,15.23,44.23
25415,9.46,28.77
25405,1.73,9.83
25397,-6.10,-11.91
25386,-14.30,-33.56
25378,-22.83,-53.88
25370,-30.44,-71.69
25366,-36.66,-85.61
25354,-42.84,-98.08
25348,-48.20,-110.17
25338,-53.78,-123.41
25329,-60.34,-141.48
25309,-68.57,-163.66
25294,-78.64,-189.98
25284,-88.21,-214.23
25284,-95.05,-230.27
25280,-97.55,-234.75
25288,-94.17,-227.25
25286,-88.96,-213.64
25290,-83.02,-199.97
25286,-77.37,-189.22
25289,-73.25,-181.02
25286,-69.59,-174.72
25292,-65.62,-167.47
25289,-61.59,-160.09
25290,-58.26,-151.33
25288,-54.84,-143.50
25289,-52.85,-137.34
25285,-51.21,-131.23
25290,-48.65,-125.19
25292,-45.21,-111.94
25312,-37.20,-90.58
25322,-26.09,-64.55
25334,-13.78,-37.06
25334,-2.59,-15.70
25333,2.78,-3.42
25331,4.90,0.00
25320,1.16,-6.50
25315,-3.66,-17.17
25314,-8.22,-28.81
25314,-12.06,-36.38
25316,-12.46,-38.06
25319,-10.84,-32.66
25326,-7.30,-22.53
25333,-2.18,-9.66
25335,2.68,5.08
25332,5.80,15.56
25336,8.01,21.30
25333,7.61,22.47
25330,5.98,19.84
25327,4.43,15.59
25331,2.96,12.06
25326,1.06,8.22
25334,2.01,8.81
25333,3.41,12.38
25339,5.23,19.52
25339,8.22,27.78
25341,9.56,32.14
25336,9.84,33.78
25338,9.09,33.08
25341,9.14,32.94
25341,8.68,32.53
25345,10.49,33.16
25346,11.97,32.75
25342,11.62,30.36
25345,12.04,26.09
25337,9.44,21.30
25336,6.46,14.98
25331,3.39,2.48
25320,-3.03,-12.12
25315,-8.38,-28.52
25314,-13.45,-44.09
25359,-5.78,-20.64
25368,6.51,10.38
25370,19.93,45.84
25375,34.18,82.31
25373,35.97,85.95
25373,35.42,85.41
25366,32.65,80.66
25369,29.52,75.38
25366,26.30,71.59
25375,25.48,71.53
25381,27.96,78.69
25395,33.06,93.75
25413,43.16,115.56
25425,53.49,140.53
25428,62.57,160.27
25425,66.95,170.00
25421,65.60,165.75
25412,59.08,146.95
25397,48.38,119.86
25384,35.70,85.36
25374,22.16,50.84
25369,10.30,21.55
25367,2.29,0.72
25365,-2.57,-13.31
25357,-6.70,-25.89
25346,-12.11,-39.84
25340,-18.26,-58.61
25328,-26.59,-79.67
25318,-35.01,-98.69
25315,-41.01,-115.25
25303,-48.20,-128.73
25306,-51.30,-136.56
25299,-53.48,-139.48
25301,-54.31,-138.50
25297,-53.10,-136.58
25292,-53.95,-136.00
25282,-55.50,-141.45
25270,-60.48,-151.14
25267,-64.95,-159.58
25274,-66.20,-161.84
25282,-62.89,-152.25
25294,-53.74,-132.64
25299,-43.05,-108.27
25301,-34.16,-90.59
25298,-28.45,-80.06
25291,-27.77,-78.81
25291,-28.38,-80.36
25294,-28.71,-78.09
25297,-27.53,-71.19
25307,-22.16,-58.38
25317,-14.55,-39.97
25329,-5.07,-16.97
25338,5.44,6.38
25342,13.91,26.31
25337,18.22,32.00
25317,14.30,18.14
25297,3.34,-10.77
25283,-11.58,-47.72
25275,-26.50,-78.84
25281,-34.17,-94.14
25289,-34.46,-90.94
25303,-27.74,-73.16
25307,-18.36,-49.73
25313,-9.45,-27.75
25306,-4.73,-17.11
25305,-3.98,-16.50
25298,-6.03,-22.42
25300,-8.98,-28.06
25303,-9.27,-26.91
25309,-7.81,-18.31
25323,-1.17,-2.41
25327,5.63,15.47
25331,12.35,30.95
25330,16.98,41.41
25331,18.13,43.59
25329,17.73,43.41
25335,17.84,42.97
25337,18.70,45.81
25344,21.02,53.52
25347,24.47,63.09
25357,28.75,75.44
25362,33.56,85.94
25367,37.63,94.89
25363,39.75,98.66
25361,38.76,95.23
25356,35.32,86.97
25355,30.55,76.62
25353,26.53,68.53
25361,25.20,64.86
25366,26.44,68.86
25380,31.37,78.41
25382,37.05,89.00
25382,40.45,95.30
25379,41.68,96.78
25379,39.34,90.94
25375,35.62,80.62
25370,30.84,69.09
25362,25.05,54.64
25358,18.54,38.42
25358,13.36,25.00
25362,10.70,18.50
25366,11.16,19.81
25377,15.36,30.58
25381,20.34,42.81
25382,24.33,53.92
25382,27.11,59.48
25387,28.26,65.00
25400,31.59,74.25
25411,37.26,89.78
25422,45.40,111.30
25429,53.62,132.73
25434,59.45,146.84
25435,62.48,151.25
25432,61.85,146.44
25426,58.01,135.36
25427,53.36,126.34
25431,49.70,121.03
25436,48.21,119.97
25437,48.55,118.22
25431,47.12,110.56
25424,43.02,93.28
25408,33.86,66.62
25391,20.66,32.56
25376,5.88,-5.56
25367,-8.66,-40.03
25366,-18.73,-64.78
25372,-22.54,-77.56
25375,-21.66,-76.19
25385,-16.08,-66.88
25381,-11.52,-55.03
25386,-7.45,-44.03
25379,-6.08,-41.34
25371,-9.27,-46.53
25364,-13.06,-55.70
25363,-18.16,-68.16
25356,-23.00,-77.00
25359,-24.85,-80.16
25359,-24.86,-76.14
25375,-20.62,-64.34
25379,-13.84,-47.12
25384,-6.89,-29.00
25378,-1.80,-18.81
25372,-2.45,-18.11
25365,-5.83,-26.94
25362,-11.04,-37.84
25369,-12.73,-41.19
25383,-9.35,-31.64
25400,-0.14,-8.56
25416,13.37,21.36
25419,25.20,47.28
25418,32.69,60.94
25402,31.55,55.12
25386,22.48,29.11
25357,5.85,-12.84
25337,-14.70,-61.72
25326,-32.96,-104.88
25329,-45.56,-130.62
25335,-48.78,-133.59
25348,-43.59,-116.91
25363,-32.16,-87.31
25370,-20.30,-58.44
25362,-12.53,-41.77
25351,-11.16,-42.69
25333,-18.09,-59.05
25325,-28.45,-83.84
25321,-37.27,-102.89
25329,-40.91,-108.98
25332,-39.12,-102.55
25343,-32.66,-84.69
25345,-25.03,-63.72
25351,-18.27,-46.05
25344,-14.36,-36.73
25330,-16.89,-41.64
25306,-25.80,-60.06
25305,-36.01,-80.80
25309,-42.95,-93.02
25319,-43.55,-89.86
25327,-36.12,-71.61
25336,-26.57,-46.03
25338,-17.99,-21.72
25351,-9.09,-2.12
25352,-2.39,11.98
25349,0.98,16.39
25343,2.18,16.31
25349,1.57,15.73
25353,1.74,18.94
25360,4.41,27.73
25369,10.68,39.84
25376,16.89,52.11
25376,21.80,63.02
25374,24.21,68.11
25370,23.25,65.72
25362,18.59,54.94
25352,11.66,34.19
25344,3.58,11.48
25340,-4.09,-6.84
25345,-8.14,-17.00
25344,-9.73,-17.64
25357,-6.00,-7.27
25361,-0.45,7.84
25373,6.57,23.44
25368,12.24,35.25
25369,14.63,40.25
25368,15.65,41.25
25375,15.37,40.94
25377,16.85,41.91
25378,18.26,45.81
25378,19.84,49.02
25380,20.10,51.81
25382,20.34,55.72
25385,21.08,58.44
25391,23.28,63.27
25387,23.87,65.36
25382,22.67,60.84
25368,17.29,49.53
25357,7.92,30.56
25350,-1.73,6.78
25339,-12.39,-14.56
25337,-19.52,-34.83
25331,-25.05,-49.84
25335,-27.55,-58.61
25332,-27.91,-64.44
25330,-28.27,-67.95
25328,-27.60,-72.81
25323,-29.22,-79.16
25316,-31.76,-85.94
25321,-32.42,-89.91
25319,-33.05,-89.16
25325,-30.91,-84.95
25317,-29.12,-79.97
25321,-27.66,-74.97
25317,-26.78,-72.72
25319,-26.94,-70.33
25321,-24.59,-67.06
25318,-24.10,-65.95
25306,-25.64,-69.91
25294,-30.61,-81.16
25286,-37.83,-98.59
25275,-46.69,-116.92
25274,-52.36,-128.83
25274,-54.74,-130.91
25290,-51.01,-119.11
25304,-41.21,-95.16
25324,-26.65,-61.14
25341,-8.56,-23.58
25352,7.37,11.11
25347,17.75,32.31
25334,19.37,33.44
25323,13.90,18.77
25315,3.95,-5.94
25310,-5.49,-29.14
25307,-11.97,-44.69
25311,-14.38,-49.45
25317,-13.16,-44.97
25327,-8.25,-33.47
25330,-2.09,-21.78
25325,1.52,-16.19
25316,1.19,-20.12
25310,-3.12,-31.61
25307,-8.72,-42.53
25313,-11.29,-45.41
25320,-9.73,-37.89
25328,-4.73,-23.25
25332,1.76,-7.34
25329,5.67,2.27
25324,6.39,3.14
25322,4.57,-2.78
25317,0.59,-11.64
25307,-4.94,-23.56
25298,-11.19,-36.38
25293,-17.88,-48.80
25296,-22.24,-55.11
25302,-22.38,-54.09
25312,-17.76,-43.39
25321,-9.87,-22.23
25337,0.88,1.38
25346,11.83,25.31
25342,18.73,42.80
25329,19.80,45.17
25319,14.30,33.41
25305,3.34,9.73
25290,-9.82,-18.50
25284,-20.58,-43.33
25280,-29.30,-59.41
25292,-31.09,-62.94
25298,-27.53,-53.28
25309,-19.91,-33.38
25316,-9.91,-10.95
25316,-3.41,6.09
25304,-1.74,10.28
25296,-4.91,1.78
25288,-11.66,-14.30
25281,-19.83,-32.83
25278,-25.34,-48.94
25276,-29.07,-59.25
25284,-28.62,-62.05
25294,-23.94,-53.20
25306,-15.74,-35.55
25310,-6.45,-13.77
25319,2.62,6.17
25318,8.48,17.11
25317,10.80,20.52
25312,10.77,19.73
25320,10.48,19.25
25325,11.70,24.05
25338,16.38,34.84
25339,22.30,49.11
25347,27.95,61.66
25344,31.30,69.08
25342,30.73,69.62
25332,27.45,60.89
25326,20.82,47.34
25316,12.77,30.22
25316,5.63,14.44
25312,0.35,3.97
25319,-1.41,-0.23
25329,1.91,5.28
25333,6.06,14.53
25338,12.27,25.56
25341,17.15,32.55
25332,17.05,29.16
25327,14.70,17.94
25322,9.96,1.78
25317,3.46,-13.31
25312,-1.72,-26.38
25312,-5.38,-34.55
25308,-8.62,-40.31
25307,-10.68,-46.06
25301,-12.89,-51.78
25293,-16.99,-59.70
25290,-20.64,-67.47
25297,-22.11,-69.09
25304,-20.26,-62.12
25313,-14.25,-45.25
25322,-5.54,-23.50
25327,2.23,-2.81
25329,8.38,12.08
25328,11.71,19.47
25324,11.62,21.50
25320,9.30,16.92
25313,4.84,8.83
25311,0.34,-1.12
25305,-4.42,-12.06
25300,-9.20,-20.20
25305,-10.75,-23.94
25315,-9.21,-20.73
25315,-6.25,-13.70
25315,-2.19,-8.53
25307,-1.58,-10.12
25299,-5.50,-20.61
25291,-11.23,-34.83
25295,-15.66,-47.83
25294,-18.12,-53.44
25307,-15.22,-50.78
25312,-9.21,-39.00
25323,-1.75,-20.55
25327,6.59,-1.50
25332,12.50,12.84
25324,14.88,18.97
25327,15.13,16.27
25313,10.88,8.94
25318,6.84,1.47
25318,5.00,-4.12
25326,4.50,-3.92
25321,6.27,-1.22
25322,6.96,-1.16
25312,5.11,-5.84
25304,-0.65,-16.55
25302,-5.37,-26.72
25305,-9.35,-32.62
25304,-10.88,-32.25
25310,-8.84,-24.89
25314,-5.39,-15.16
25318,-1.87,-4.91
25312,0.23,-0.66
25304,-1.29,-3.38
25291,-6.98,-17.69
25276,-17.13,-41.80
25258,-29.77,-66.95
25260,-39.28,-87.09
25271,-42.31,-90.00
25293,-35.95,-70.75
25311,-20.90,-34.70
25329,-2.61,6.53
25331,12.52,40.70
25327,20.39,56.17
25313,19.87,52.36
25300,11.62,33.23
25293,1.55,9.08
25291,-7.53,-10.62
25293,-12.16,-18.59
25312,-8.55,-9.17
25324,-0.37,13.53
25345,13.15,42.59
25351,26.99,70.70
25353,35.89,91.42
25349,40.34,98.84
25345,38.33,94.16
25312,26.66,60.70
25304,13.09,22.42
25302,0.68,-11.69
25305,-9.35,-38.59
25304,-10.88,-37.92
25321,-6.09,-20.78
25314,-2.79,-8.50
25304,-2.90,-4.08
25294,-5.26,-8.38
25285,-13.99,-30.95
25274,-23.29,-52.41
25273,-29.88,-69.80
25274,-33.38,-77.05
25283,-32.21,-76.95
25281,-28.85,-74.59
25265,-29.41,-77.84
25246,-34.94,-93.20
25235,-45.20,-115.28
25224,-57.19,-138.03
25227,-63.83,-149.64
25229,-64.89,-148.16
25247,-58.64,-133.00
25261,-46.46,-103.84
25286,-29.38,-67.14
25295,-11.41,-27.53
25303,3.16,6.34
25303,13.50,27.03
25302,16.82,35.92
25294,15.73,31.62
25283,9.95,18.05
25273,1.95,-2.11
25261,-8.39,-24.27
25260,-16.48,-41.56
25267,-19.66,-48.98
25280,-16.93,-40.53
25297,-7.09,-19.00
25309,5.52,9.47
25312,16.50,35.00
25300,20.68,45.25
25273,13.65,30.25
25245,-3.04,-5.03
25221,-25.64,-55.53
25202,-48.86,-106.02
25197,-65.41,-144.22
25202,-72.89,-163.25
25208,-72.49,-161.09
25216,-65.37,-146.28
25224,-55.35,-126.22
25219,-48.34,-109.41
25221,-42.67,-99.69
25223,-38.79,-91.95
25228,-35.85,-83.61
25229,-31.55,-72.69
25247,-23.48,-53.80
25264,-12.05,-27.11
25290,4.05,8.50
25297,20.84,43.84
25291,30.80,65.14
25275,32.02,65.88
25262,23.41,47.58
25255,11.74,22.44
25253,1.66,1.81
25255,-3.43,-11.02
25255,-5.01,-14.72
25260,-3.51,-11.23
25273,1.66,0.84
25287,9.59,20.30
25298,19.86,43.28
25303,29.62,63.86
25309,37.14,78.91
25315,42.28,90.97
25320,45.66,98.67
25319,47.38,102.50
25317,47.01,102.38
25316,44.91,99.25
25321,42.91,96.55
25322,41.52,96.22
25327,41.95,97.41
25323,41.60,96.78
25318,38.77,91.94
25316,35.34,85.59
25318,31.32,78.81
25328,31.00,77.62
25336,33.95,84.25
25343,39.00,96.28
25353,45.80,115.97
25372,54.51,138.17
25387,64.53,163.25
25407,77.30,192.84
25427,91.94,223.72
25442,104.84,252.03
25444,113.85,270.19
25441,116.66,274.17
25432,112.08,260.70
25422,101.47,234.67
25405,86.65,199.94
25392,70.06,158.95
25377,52.80,118.27
25372,37.67,84.84
25382,30.04,66.09
25395,29.29,67.78
25405,34.83,80.88
25409,42.34,94.84
25398,44.22,98.36
25385,39.51,82.94
25366,27.78,52.55
25345,10.39,9.91
25325,-8.38,-37.59
25308,-27.20,-81.72
25300,-42.34,-119.89
25292,-53.48,-145.39
25288,-60.05,-158.36
25292,-61.05,-159.44
25299,-58.25,-150.72
25296,-54.34,-140.42
25290,-51.12,-133.16
25282,-51.06,-131.25
25284,-52.26,-131.19
25287,-51.90,-125.38
25302,-46.30,-110.36
25314,-35.98,-84.34
25323,-24.44,-54.62
25332,-11.97,-27.41
25337,-2.62,-5.30
25342,4.50,7.72
25341,8.77,15.59
25343,11.09,17.06
25333,9.53,11.72
25327,5.30,1.39
25324,0.79,-9.94
25327,-3.25,-16.69
25328,-4.34,-18.09
25333,-2.62,-14.69
25331,-0.73,-10.19
25332,0.55,-8.44
25327,0.28,-9.28
25324,-1.98,-14.33
25309,-7.38,-25.12
25297,-15.77,-42.36
25284,-25.73,-61.48
25284,-34.45,-78.16
25287,-38.23,-84.00
25293,-37.31,-78.80
25305,-30.20,-61.36
25324,-18.69,-34.03
25339,-4.75,-2.06
25348,9.23,27.53
25345,18.77,45.91
25335,20.59,47.09
25318,14.30,28.97
25308,3.59,3.03
25302,-7.34,-21.62
25314,-12.22,-31.28
25326,-9.61,-23.97
25342,-0.63,-4.03
25346,10.40,20.69
25354,19.88,40.41
25352,25.38,50.66
25347,25.37,50.38
25338,22.10,42.59
25336,16.50,31.22
25333,10.92,19.91
25331,6.38,11.91
25333,4.80,6.31
25333,3.81,3.73
25340,5.38,6.03
25341,7.60,10.50
25344,9.97,16.97
25346,12.72,21.62
25341,12.33,22.06
25342,11.97,20.94
25343,11.12,19.91
25343,9.82,20.66
25347,10.84,25.36
25357,14.04,32.09
25353,15.84,37.72
25352,17.30,38.33
25340,14.68,33.67
25345,10.95,25.75
25342,7.65,19.47
25355,8.02,20.25
25362,13.12,30.73
25376,20.21,50.19
25392,31.70,78.44
25413,44.62,110.02
25414,55.38,135.02
25408,60.62,145.53
25395,58.34,138.00
25386,48.67,115.61
25369,34.99,84.58
25363,21.99,53.84
25352,10.14,25.91
25351,0.88,5.59
25352,-3.41,-5.69
25359,-4.24,-7.91
25356,-3.03,-6.02
25352,-2.63,-7.45
25336,-6.50,-18.83
25321,-15.68,-41.89
25301,-28.65,-74.05
25291,-42.46,-107.59
25287,-52.59,-133.72
25291,-57.46,-147.78
25293,-56.59,-150.39
25292,-53.51,-145.38
25288,-50.58,-137.11
25291,-48.05,-132.00
25286,-47.39,-126.39
25286,-46.52,-121.83
25286,-44.70,-116.73
25287,-43.46,-109.89
25282,-42.29,-104.91
25281,-41.42,-101.16
25277,-41.60,-99.84
25278,-41.77,-100.36
25279,-40.44,-98.09
25281,-38.42,-91.19
25289,-33.50,-77.12
25303,-25.58,-56.02
25304,-18.05,-33.72
25309,-10.14,-12.78
25308,-4.88,0.84
25307,-3.63,5.80
25298,-4.95,3.27
25300,-6.95,-3.16
25299,-8.86,-8.50
25310,-7.67,-7.58
25317,-2.54,2.05
25328,4.59,16.70
25332,12.61,32.62
25340,19.48,46.25
25342,24.76,57.69
25345,27.77,64.80
25349,30.62,72.56
25357,33.34,80.44
25361,36.43,87.41
25366,39.86,93.80
25363,41.37,95.34
25360,40.05,93.06
25362,38.30,89.17
25366,36.38,87.70
25374,37.31,94.33
25389,42.70,108.38
25399,49.81,128.45
25408,57.82,147.28
25401,61.68,156.92
25402,61.84,153.56
25388,56.00,138.38
25386,47.70,117.47
25380,40.07,96.09
25389,34.82,83.55
25396,35.08,81.62
25409,39.08,90.53
25418,46.62,106.75
25427,53.79,123.67
25427,58.85,132.50
25419,58.41,130.62
25417,55.23,119.84
25411,48.48,101.84
25407,41.05,83.25
25409,36.49,69.59
25412,33.41,64.12
25422,34.49,68.41
25431,38.77,81.48
25433,42.84,94.41
25435,46.45,102.69
25431,46.38,101.81
25423,42.05,89.97
25409,33.95,67.72
25396,22.51,40.31
25390,11.13,12.05
25383,0.58,-11.05
25385,-5.45,-23.50
25390,-6.68,-26.56
25396,-4.84,-20.98
25398,-0.85,-10.94
25402,3.45,-0.12
25394,4.27,4.62
25388,2.05,-0.84
25370,-5.05,-16.81
25358,-15.80,-43.47
25335,-29.77,-75.78
25317,-46.02,-111.25
25307,-59.47,-142.94
25306,-69.49,-162.55
25316,-70.77,-165.94
25322,-65.98,-153.64
25327,-57.68,-134.70
25325,-50.05,-117.97
25326,-45.05,-108.31
25323,-42.55,-106.89
25314,-43.66,-112.05
25306,-46.23,-120.20
25300,-50.42,-128.44
25298,-54.15,-134.03
25304,-53.95,-132.83
25309,-50.50,-125.94
25309,-45.73,-115.66
25306,-41.45,-106.88
25298,-40.88,-105.28
25286,-44.58,-113.25
25276,-50.60,-125.58
25276,-55.57,-134.53
25283,-56.54,-134.30
25296,-51.21,-120.59
25302,-42.15,-98.81
25313,-30.79,-73.38
25318,-20.50,-49.97
25327,-11.73,-29.72
25329,-4.39,-15.98
25323,-1.67,-10.94
25316,-2.09,-13.14
25309,-6.48,-23.23
25299,-13.66,-37.06
25295,-19.98,-50.47
25293,-24.73,-60.20
25290,-28.23,-63.69
25303,-25.83,-56.77
25310,-20.78,-41.92
25320,-12.99,-21.56
25328,-2.84,3.27
25342,7.05,30.36
25359,18.95,59.09
25374,31.49,89.38
25377,42.16,112.91
25371,47.31,121.00
25350,42.70,106.70
25324,28.06,67.88
25294,5.91,14.97
25283,-16.38,-35.53
25289,-30.81,-67.00
25306,-33.77,-67.16
25337,-21.34,-38.28
25356,-2.02,7.64
25373,19.08,55.50
25373,34.88,90.23
25366,40.38,104.22
25353,37.62,95.02
25337,26.73,69.27
25320,12.15,34.05
25306,-3.46,-3.41
25293,-18.29,-33.50
25298,-27.12,-50.83
25303,-30.02,-54.53
25314,-26.52,-43.56
25326,-16.94,-24.12
25327,-8.84,-6.92
25322,-3.66,2.17
25311,-4.23,-1.44
25306,-9.02,-17.62
25291,-17.56,-39.48
25284,-26.18,-60.27
25282,-32.12,-74.50
25291,-34.27,-76.02
25301,-30.05,-66.47
25311,-21.80,-51.88
25298,-16.72,-42.03
25281,-18.38,-49.67
25251,-29.96,-77.69
25231,-48.46,-120.81
25213,-67.28,-168.02
25203,-83.41,-207.12
25190,-94.49,-234.78
25185,-101.27,-249.30
25175,-105.70,-256.08
25170,-108.67,-262.53
25156,-111.74,-266.66
25161,-112.16,-270.33
25159,-110.55,-269.06
25164,-106.52,-259.84
25165,-98.94,-244.59
25168,-92.24,-225.86
25172,-84.38,-207.56
25180,-76.16,-187.19
25183,-67.86,-166.83
25185,-60.22,-147.73
25185,-53.96,-130.11
25187,-49.52,-116.11
25191,-45.04,-105.05
25194,-40.54,-93.05
25201,-34.51,-79.14
25209,-27.28,-61.94
25216,-19.66,-43.84
25216,-13.18,-27.14
25217,-8.52,-16.78
25204,-9.34,-16.94
25200,-12.88,-23.34
25198,-16.73,-31.94
25205,-18.89,-34.59
25213,-15.70,-26.86
25228,-7.91,-8.02
25236,1.98,16.64
25244,11.62,39.56
25244,18.79,53.08
25233,19.10,51.67
25217,13.40,36.33
25209,3.98,11.75
25197,-7.96,-15.08
25187,-19.06,-36.81
25199,-22.61,-46.47
25208,-21.73,-41.14
25228,-12.90,-20.84
25237,0.24,7.69
25250,12.98,33.56
25249,22.59,53.14
25180,9.45,17.23
25183,-4.52,-20.38
25185,-20.55,-57.11
25185,-35.52,-93.50
25187,-31.98,-81.33
25258,-11.63,-32.50
25255,6.45,8.88
25246,21.38,46.17
25249,35.81,80.12
25243,30.27,69.11
25243,25.75,61.39
25242,23.46,56.33
25250,22.54,55.75
25258,25.16,63.70
25262,28.66,75.53
25267,33.47,87.25
25267,36.04,95.39
25268,36.74,96.62
25264,35.41,94.03
25257,31.14,85.83
25257,27.09,74.80
25252,21.73,62.81
25254,18.14,51.44
25253,16.23,45.11
25258,15.67,44.09
25264,17.89,46.64
25268,20.49,53.06
25271,23.96,60.66
25279,28.02,66.88
25278,30.12,73.28
25280,31.62,75.11
25276,31.29,73.86
25277,29.23,70.41
25271,26.02,64.39
25271,22.46,57.17
25267,19.09,49.33
25262,14.38,36.88
25246,7.41,18.53
25237,-1.46,-3.16
25224,-12.13,-25.75
25226,-20.52,-43.47
25219,-26.25,-55.81
25220,-29.19,-63.52
25210,-31.23,-70.84
25211,-33.41,-77.30
25212,-33.49,-78.42
25221,-31.57,-75.25
25218,-27.99,-68.00
25213,-26.09,-63.36
25206,-26.29,-63.95
25211,-27.48,-63.50
25223,-24.86,-56.81
25238,-17.37,-40.97
25246,-6.50,-18.91
25251,3.83,0.30
25256,11.89,15.78
25264,17.80,27.00
25269,22.66,36.41
25271,26.52,43.58
25269,28.45,47.14
25274,29.52,49.03
25274,29.30,50.31
25285,31.33,54.55
25291,35.27,63.08
25300,40.00,76.17
25310,47.00,90.62
25318,52.91,106.34
25325,58.76,120.53
25331,63.57,130.02
25329,65.14,134.00
25328,64.38,130.05
25313,58.16,116.53
25306,49.01,95.44
25293,37.56,69.94
25288,25.68,44.94
25281,16.40,23.44
25278,8.58,8.53
25279,4.65,-0.16
25281,2.67,-4.14
25281,2.54,-3.94
25283,3.66,-0.75
25287,5.48,5.78
25287,6.70,12.23
25291,8.87,18.88
25293,10.92,23.94
25294,12.12,26.00
25292,12.77,25.70
25295,13.12,28.94
25308,16.22,36.73
25312,19.91,46.89
25314,24.41,58.80
25317,28.70,68.34
25315,29.01,70.67
25315,28.31,70.64
25321,28.64,70.11
25320,27.95,68.36
25325,29.06,68.69
25332,31.86,75.25
25350,37.52,87.73
25353,43.89,102.09
25358,49.95,118.25
25357,53.70,126.09
25357,52.77,124.05
25350,49.38,113.84
25345,43.66,98.16
25341,37.48,80.75
25339,31.11,67.45
25341,27.30,60.33
25346,26.19,57.31
25346,26.12,58.19
25345,26.32,57.03
25341,25.00,52.94
25341,22.50,46.53
25343,20.62,41.97
25349,20.59,41.86
25349,21.56,42.77
25343,20.98,39.62
25328,16.19,28.38
25316,7.12,6.47
25296,-6.48,-22.86
25284,-20.91,-55.72
25270,-34.36,-85.17
25266,-45.14,-106.41
25268,-49.88,-116.84
25276,-49.38,-114.00
25284,-43.41,-102.05
25292,-34.74,-83.70
25304,-24.01,-60.50
25310,-14.31,-38.47
25308,-7.60,-24.05
25296,-6.22,-22.59
25279,-12.16,-37.97
25265,-22.80,-63.56
25256,-34.66,-89.14
25260,-41.93,-105.19
25264,-43.59,-106.69
25273,-39.41,-94.86
25283,-30.69,-75.36
25289,-21.90,-53.08
25298,-12.30,-30.92
25300,-4.94,-13.64
25301,-0.19,-0.95
25300,2.57,6.59
25302,3.45,12.02
25307,5.02,18.19
25313,7.77,25.03
25318,11.88,32.28
25318,15.29,35.17
25315,16.52,31.41
25302,12.95,20.58
25298,7.30,4.03
25295,1.18,-9.42
25306,-1.13,-16.45
25311,1.17,-13.14
25315,5.37,-4.22
25314,9.85,5.50
25322,13.36,13.48
25321,15.20,18.06
25325,16.94,22.16
25327,19.34,26.78
25327,19.62,31.19
25336,22.38,37.38
25336,24.01,43.25
25335,24.81,46.34
25334,25.33,47.28
25333,23.31,42.42
25327,19.90,34.81
25332,18.15,28.31
25334,17.23,25.88
25345,19.38,30.08
25352,24.66,42.06
25363,31.17,57.97
25366,37.62,73.58
25368,41.48,85.16
25361,41.66,86.41
25352,36.84,75.59
25339,28.24,55.58
25334,18.33,32.30
25334,10.66,17.17
25348,9.12,15.56
25356,12.92,26.28
25361,19.03,42.22
25358,24.09,53.61
25352,23.88,54.67
25336,17.68,44.19
25328,8.55,22.23
25313,-3.13,-4.88
25310,-13.47,-29.39
25307,-20.05,-47.19
25310,-23.55,-56.09
25306,-24.12,-60.28
25296,-26.41,-66.00
25289,-29.59,-76.44
25282,-35.12,-89.61
25276,-40.87,-101.14
25282,-42.33,-104.59
25290,-39.96,-98.12
25297,-34.21,-84.47
25298,-27.00,-68.73
25304,-20.15,-54.80
25303,-15.89,-46.30
25297,-15.09,-43.98
25287,-17.09,-50.03
25273,-23.98,-67.52
25258,-34.02,-91.64
25253,-43.33,-114.56
25257,-48.66,-127.34
25268,-47.48,-122.98
25281,-39.37,-105.09
25285,-29.40,-82.33
25288,-20.18,-60.72
25290,-13.67,-44.19
25294,-9.73,-33.22
25293,-7.24,-25.06
25295,-5.12,-19.31
25285,-6.12,-19.84
25278,-9.81,-27.59
25271,-14.83,-39.45
25271,-20.09,-50.72
25276,-21.33,-54.94
25285,-18.51,-47.45
25288,-13.33,-35.84
25283,-9.66,-26.56
25279,-8.44,-21.98
25277,-10.02,-24.39
25283,-10.77,-28.16
25276,-11.98,-31.25
25275,-12.38,-35.44
25272,-13.01,-37.16
25281,-12.86,-34.56
25289,-8.97,-25.08
25305,-1.02,-7.81
25309,8.27,12.58
25316,16.61,30.70
25313,21.78,40.17
25304,20.45,38.16
25293,15.43,26.00
25286,7.16,9.45
25285,-0.20,-4.28
25288,-4.19,-10.56
25294,-3.73,-5.80
25308,1.95,8.50
25312,8.59,24.34
25310,13.66,36.38
25297,13.73,36.31
25297,10.30,29.48
25294,5.29,20.75
25304,3.52,17.47
25308,6.09,24.09
25320,11.54,35.14
25325,18.72,49.62
25336,25.79,64.88
25342,33.00,82.12
25353,39.59,97.28
25352,44.36,110.94
25362,48.64,121.66
25365,51.96,126.34
25364,52.12,125.77
25357,50.77,118.22
25356,46.73,106.30
25356,42.14,93.47
25364,40.03,84.05
25362,39.27,79.59
25364,39.30,76.61
25353,36.59,68.28
25343,29.51,49.62
25318,17.04,16.89
25301,0.44,-24.94
25282,-17.33,-68.44
25277,-32.96,-107.28
25263,-45.06,-132.17
25265,-51.80,-144.81
25268,-52.72,-144.06
25280,-49.34,-132.09
25284,-41.62,-114.23
25288,-33.80,-96.78
25278,-29.61,-87.20
25265,-31.88,-91.59
25245,-40.03,-111.02
25229,-52.78,-140.72
25221,-64.39,-167.92
25227,-70.67,-182.78
25239,-68.63,-177.89
25253,-59.20,-154.50
25264,-45.48,-120.28
25273,-31.71,-87.03
25270,-22.38,-63.67
25266,-18.01,-52.23
25260,-18.11,-53.38
25256,-21.45,-60.19
25250,-25.38,-68.94
25243,-29.87,-80.98
25220,-38.38,-99.69
25205,-49.21,-125.47
25186,-62.75,-156.44
25179,-75.61,-184.88
25169,-84.58,-205.12
25163,-90.84,-217.11
25156,-93.80,-223.25
25153,-95.62,-225.33
25156,-94.09,-222.31
25169,-87.88,-208.45
25186,-75.98,-182.03
25201,-60.18,-145.92
25210,-43.67,-107.62
25216,-29.74,-76.50
25215,-21.01,-58.19
25208,-18.21,-53.78
25198,-20.30,-60.84
25188,-26.28,-74.53
25177,-34.47,-91.30
25164,-43.74,-112.00
25147,-54.30,-133.16
25140,-63.59,-152.00
25141,-69.41,-162.64
25153,-68.69,-156.75
25171,-59.25,-133.41
25180,-46.29,-100.50
25188,-32.23,-66.23
25192,-20.87,-39.17
25191,-14.83,-24.97
25185,-12.84,-23.22
25167,-17.44,-34.31
25155,-25.81,-54.34
25142,-36.77,-76.12
25147,-44.44,-90.81
25153,-45.72,-92.02
25163,-41.44,-79.17
25167,-33.11,-60.47
25170,-25.70,-43.44
25173,-19.42,-31.02
25177,-14.95,-22.47
25187,-9.20,-12.84
25194,-2.74,-0.22
25196,3.15,13.30
25201,8.98,24.89
25203,12.54,35.66
25210,15.91,44.88
25217,20.37,56.62
25225,25.35,68.80
25222,28.83,73.84
25200,24.88,64.41
25182,14.89,37.94
25166,-0.60,-0.22
25158,-16.57,-37.20
25160,-25.74,-61.59
25158,-30.45,-72.27
25161,-30.18,-71.41
25166,-26.67,-63.83
25171,-22.59,-53.88
25171,-18.21,-43.92
25170,-15.05,-40.47
25153,-17.55,-47.20
25147,-22.67,-59.09
25149,-27.04,-70.66
25155,-29.44,-70.88
25164,-25.22,-59.33
25175,-16.95,-40.62
25178,-8.85,-22.59
25179,-2.41,-12.22
25177,0.97,-9.86
25177,1.42,-11.61
25186,3.35,-9.03
25196,7.43,1.44
25216,16.80,25.86
25236,30.71,59.06
25253,45.92,95.62
25254,58.13,124.09
25244,62.23,136.66
25242,60.62,131.08
25229,51.59,111.27
25225,41.75,89.19
25229,35.91,71.47
25231,31.37,63.39
25238,32.05,64.47
25245,35.45,73.50
25260,41.42,89.06
25268,48.60,106.36
25271,54.42,121.05
25273,58.70,127.75
25266,57.27,124.62
25261,52.65,112.66
25251,45.02,96.28
25252,37.52,78.47
25244,30.14,62.55
25243,24.13,50.41
25235,18.93,37.62
25223,10.73,23.25
25218,3.70,8.58
25221,-1.98,-1.84
25232,-2.63,-3.75
25231,-0.50,0.94
25225,1.28,2.16
25208,-2.03,-7.70
25190,-12.43,-32.56
25166,-28.06,-70.69
25147,-46.16,-113.16
25127,-64.11,-154.25
25120,-78.41,-186.80
25111,-88.23,-206.22
25111,-92.82,-215.41
25107,-93.18,-216.64
25104,-92.52,-215.05
25100,-90.65,-213.03
25101,-88.62,-207.39
25106,-84.44,-196.02
25117,-76.96,-178.97
25245,-36.86,-84.53
25260,4.73,11.20
25268,45.00,102.89
25271,81.25,188.25
25125,47.19,108.84
25121,10.08,23.41
25118,-27.93,-63.52
25114,-65.78,-149.59
25114,-65.24,-146.62
25118,-62.73,-138.31
25126,-57.59,-122.89
25136,-49.21,-101.25
25150,-37.75,-70.94
25176,-21.37,-31.88
25197,-2.55,10.72
25215,17.33,57.44
25226,35.46,98.31
25233,47.94,128.39
25227,53.04,142.47
25219,51.39,141.34
25217,46.57,131.28
25219,40.74,116.72
25216,35.95,102.38
25217,33.66,91.25
25219,32.47,84.69
25230,33.59,84.95
25234,36.41,90.22
25239,40.09,97.22
25238,42.84,99.86
25231,40.95,91.88
25219,35.16,74.78
25211,26.40,52.53
25206,17.08,28.16
25197,7.73,4.73
25194,1.09,-13.75
25190,-4.21,-29.31
25180,-10.50,-43.34
25168,-17.23,-57.67
25155,-26.12,-74.05
25148,-35.31,-90.09
25150,-41.05,-100.34
25160,-40.99,-99.58
25166,-36.20,-85.86
25179,-26.63,-66.81
25176,-18.80,-49.47
25173,-14.62,-41.23
25159,-15.63,-47.91
25156,-20.60,-62.02
25150,-26.07,-74.92
25158,-28.52,-80.94
25167,-25.09,-71.41
25186,-16.34,-49.58
25200,-3.02,-19.09
25226,14.12,20.11
25242,32.17,60.36
25260,49.06,98.09
25261,61.86,125.69
25271,70.02,141.16
25275,74.77,150.61
25288,78.03,157.81
25293,82.12,165.42
25297,84.52,172.14
25298,86.05,175.53
25312,87.74,182.02
25333,93.36,198.17
25364,105.44,230.53
25401,125.91,280.75
25442,152.12,343.95
25478,180.76,411.00
25499,205.47,469.94
25510,222.45,508.44
25508,227.83,517.53
25500,221.94,503.16
25497,210.34,473.25
25483,193.08,432.34
25469,173.67,385.47
25449,152.24,335.69
25445,131.63,288.91
25443,115.05,250.45
25423,97.80,214.69
25389,77.91,168.72
25353,51.01,105.03
25312,15.71,26.78
25290,-18.33,-52.81
25270,-47.16,-115.94
25267,-66.30,-159.14
25259,-76.24,-182.17
25267,-78.18,-185.56
25272,-73.77,-175.03
25285,-65.59,-153.78
25283,-56.30,-130.59
25287,-48.49,-111.06
25285,-42.81,-98.00
25290,-39.42,-87.59
25304,-32.20,-67.47
25330,-19.84,-37.59
25343,-4.35,-1.22
25339,8.12,27.83
25324,12.71,37.69
25313,7.83,25.30
25297,-4.06,-2.72
25282,-18.11,-38.31
25262,-32.70,-77.41
25246,-47.82,-113.80
25240,-59.68,-144.11
25244,-66.20,-158.16
25266,-61.88,-149.00
25285,-49.04,-118.28
25303,-30.84,-73.36
25319,-10.55,-27.44
25323,4.23,9.69
25327,14.52,34.69
25323,18.79,46.19
25325,19.35,50.88
25324,18.64,52.84
25340,20.96,59.22
25347,25.91,73.52
25362,33.86,92.08
25363,41.91,110.72
25364,45.82,121.42
25354,45.28,118.11
25341,37.77,101.45
25330,27.62,73.38
25324,16.24,44.45
25324,7.93,22.47
25331,5.04,12.34
25342,7.79,17.22
25347,13.15,25.11
25339,16.24,27.61
25320,12.68,16.23
25297,0.80,-13.81
25274,-17.49,-57.11
25255,-37.62,-102.25
25245,-54.49,-140.89
25240,-66.02,-163.34
25246,-69.72,-168.69
25261,-64.73,-155.77
25282,-52.24,-126.22
25293,-36.38,-89.91
25304,-20.06,-51.16
25310,-6.80,-18.34
25311,0.78,1.81
25305,3.74,11.22
25300,2.56,10.91
25293,-1.82,3.12
25294,-5.98,-6.03
25293,-8.68,-12.48
25297,-9.00,-14.61
25300,-6.80,-11.14
25309,-2.71,-0.58
25316,3.17,13.95
25322,9.27,27.25
25314,12.30,32.64
25300,9.45,25.02
25287,1.73,5.75
25284,-7.86,-18.53
25278,-16.47,-40.11
25271,-22.90,-57.86
25273,-25.25,-70.20
25270,-27.49,-76.70
25270,-28.12,-79.61
25273,-26.21,-78.39
25273,-24.91,-71.98
25278,-21.66,-63.88
25279,-18.33,-53.44
25286,-14.16,-40.50
25294,-8.20,-25.97
25297,-3.05,-13.17
25294,0.86,-5.27
25295,3.07,1.25
25303,5.16,8.94
25317,9.91,19.73
25311,13.66,30.25
25302,14.73,31.97
25285,9.49,18.38
25273,-1.98,-5.78
25257,-15.39,-35.23
25252,-27.12,-62.47
25243,-36.26,-83.09
25243,-41.95,-92.69
25253,-40.84,-88.81
25264,-35.80,-72.62
25274,-26.27,-48.00
25275,-16.95,-25.86
25269,-12.10,-14.81
25254,-13.99,-18.06
25240,-21.80,-35.91
25221,-34.21,-63.86
25206,-48.25,-94.41
25193,-61.09,-123.69
25191,-70.28,-145.25
25188,-75.02,-158.00
25190,-75.27,-159.11
25191,-72.01,-151.41
25190,-68.66,-140.09
25194,-63.73,-128.08
25193,-59.79,-118.17
25190,-57.05,-112.75
25192,-53.70,-108.86
25191,-51.76,-105.42
25191,-49.67,-102.66
25183,-48.94,-102.28
25174,-50.99,-104.92
25173,-52.95,-111.42
25169,-55.80,-116.34
25172,-55.76,-117.28
25168,-54.47,-114.91
25165,-53.74,-113.41
25153,-55.05,-119.25
25140,-60.30,-132.53
25129,-67.04,-150.91
25125,-73.69,-167.36
25123,-77.50,-175.98
25123,-77.88,-173.69
25133,-72.98,-161.50
25137,-66.33,-141.94
25146,-57.27,-122.08
25147,-48.40,-103.47
25152,-41.23,-89.05
25150,-35.92,-77.84
25146,-34.12,-71.72
25138,-34.67,-72.39
25128,-38.94,-79.27
25118,-44.99,-92.55
25114,-50.74,-105.91
25108,-55.70,-116.61
25109,-57.66,-121.78
25104,-58.28,-123.44
25106,-57.37,-122.28
25103,-55.75,-119.41
25102,-54.71,-118.44
25098,-53.48,-116.52
25100,-52.30,-113.19
25106,-48.94,-105.03
25117,-42.74,-90.28
25124,-34.10,-70.28
25130,-24.89,-50.25
25130,-17.65,-34.75
25127,-14.27,-26.52
25121,-14.30,-25.44
25121,-15.84,-28.44
25115,-18.80,-34.00
25112,-21.62,-39.30
25103,-25.04,-46.06
25100,-29.04,-52.00
25097,-32.09,-57.16
25096,-34.48,-60.06
25097,-34.26,-58.06
25109,-30.29,-49.66
25112,-25.02,-35.94
25120,-17.77,-19.88
25121,-10.88,-5.39
25124,-6.59,5.62
25127,-2.51,13.09
25130,0.12,18.19
25125,1.11,18.28
25119,-0.20,13.88
25118,-2.43,4.69
25117,-5.56,-5.30
25119,-6.78,-9.78
25121,-5.95,-12.55
25123,-4.40,-12.41
25118,-3.93,-10.55
25119,-3.73,-9.77
25119,-4.05,-7.53
25120,-4.59,-3.16
25132,-0.86,3.75
25143,5.18,17.06
25151,12.92,32.95
25149,19.52,49.55
25163,26.30,62.83
25163,29.98,71.94
25171,33.48,79.34
25172,37.56,86.12
25173,38.18,88.33
25159,35.27,81.91
25153,29.02,67.31
25144,20.56,49.95
25155,15.04,36.94
25153,12.78,31.84
25152,11.89,31.50
25146,11.80,29.92
25150,9.95,28.69
25150,8.71,28.00
25156,9.27,31.11
25155,11.05,37.30
25163,13.75,43.44
25161,15.81,47.27
25161,16.27,48.89
25157,15.96,48.20
25157,13.66,43.53
25149,9.98,32.36
25140,4.23,16.00
25126,-3.73,-3.55
25123,-12.05,-24.88
25119,-18.95,-41.64
25116,-24.00,-53.81
25115,-25.55,-59.62
25118,-25.52,-57.88
25124,-22.98,-50.48
25132,-17.84,-38.45
25139,-10.95,-23.53
25143,-4.15,-8.88
25147,1.80,4.58
25146,5.22,13.34
25139,4.96,15.44
25135,2.71,10.94
25135,-0.42,2.39
25134,-3.41,-6.98
25132,-4.99,-11.91
25148,-1.49,-8.06
25155,3.58,4.59
25172,12.91,26.88
25177,23.52,51.53
25189,32.59,76.69
25202,42.71,100.09
25215,51.32,120.84
25219,59.25,141.06
25227,65.79,157.27
25222,67.50,164.16
25223,66.12,161.19
25209,60.32,147.38
25202,51.05,127.02
25202,43.50,108.41
25211,38.33,99.50
25227,40.91,105.53
25249,50.62,126.00
25258,62.09,150.97
25257,70.48,165.66
25249,72.45,164.88
25228,63.59,143.12
25209,48.16,105.97
25188,28.50,60.92
25170,7.32,14.62
25159,-10.30,-25.59
25146,-25.53,-58.58
25138,-36.75,-84.14
25129,-45.16,-101.44
25135,-48.90,-110.12
25139,-48.20,-107.86
25144,-44.30,-98.72
25135,-40.59,-91.53
25123,-41.55,-91.45
25109,-46.98,-101.14
25106,-54.12,-112.59
25108,-58.17,-117.22
25116,-57.02,-111.36
25124,-50.41,-96.80
25128,-42.40,-78.45
25132,-34.27,-61.03
25140,-26.56,-45.47
25144,-20.23,-30.69
25151,-13.47,-16.64
25156,-6.80,-2.56
25167,0.30,12.81
25180,9.28,31.17
25189,18.32,51.34
25195,27.16,70.78
25201,34.30,86.98
25208,39.59,99.89
25215,44.10,110.16
25215,46.89,117.16
25219,49.05,118.80
25212,47.59,114.34
25202,41.97,100.88
25188,33.12,78.58
25174,20.22,48.41
25164,7.20,17.75
25171,-0.91,-2.64
25189,-0.61,-5.77
25199,5.67,7.77
25207,16.14,28.12
25209,24.83,44.22
25198,25.84,48.02
25187,21.54,36.86
25170,11.21,14.27
25163,-0.85,-11.95
25160,-10.31,-33.61
25161,-16.30,-44.92
25161,-17.73,-47.42
25162,-17.09,-44.78
25159,-16.48,-40.78
25171,-13.16,-32.98
25180,-7.74,-17.84
25188,-0.85,-1.22
25183,5.19,12.84
25176,6.18,15.19
25168,2.87,6.19
25167,-2.53,-5.88
25168,-6.16,-14.59
25171,-7.10,-14.61
25172,-5.75,-11.88
25164,-6.21,-11.53
25159,-8.15,-16.20
25157,-11.24,-25.39
25155,-14.93,-31.38
25165,-13.93,-29.55
25174,-9.48,-18.33
25185,-2.01,-0.66
25183,5.09,15.12
25189,10.84,27.86
25192,14.80,37.72
25197,17.05,44.33
25188,17.45,42.86
25171,12.08,29.97
25159,3.23,7.47
25187,0.57,-3.16
25170,-3.96,-14.75
25163,-5.76,-21.00
25160,-5.23,-21.44
25194,-3.22,-14.36
25199,4.20,5.11
25205,14.48,31.59
25210,26.27,59.00
25207,28.20,64.55
25208,29.05,66.56
25211,29.09,67.50
25215,28.88,70.12
25211,28.44,70.36
25202,25.52,65.84
25191,19.24,54.28
25193,12.78,39.08
25196,8.39,29.38
25201,7.72,28.66
25203,10.33,34.48
25204,12.56,40.52
25198,12.44,40.75
25194,10.06,33.47
25189,6.06,21.30
25187,1.51,9.72
25185,-1.82,0.97
25183,-4.48,-5.34
25181,-6.26,-7.33
25190,-5.20,-5.70
25196,-2.19,2.59
25211,4.92,18.47
25214,12.93,37.30
25221,20.04,55.42
25220,25.04,68.91
25229,28.29,75.47
25220,28.38,74.19
25208,23.70,62.73
25196,16.52,43.34
25193,6.70,22.92
25195,0.11,9.28
25200,-1.90,8.33
25211,1.95,20.91
25231,11.34,42.36
25238,21.52,65.25
25237,29.70,80.22
25223,31.22,83.22
25221,27.16,72.56
25209,18.56,53.17
25205,9.63,31.03
25188,0.40,7.72
25186,-8.38,-14.41
25179,-15.46,-33.92
25177,-21.69,-49.73
25176,-23.60,-57.75
25183,-23.17,-57.12
25191,-19.02,-51.03
25199,-12.56,-39.98
25199,-6.19,-27.73
25203,-0.88,-19.84
25198,0.92,-16.34
25186,-2.38,-22.28
25171,-9.26,-38.67
25155,-20.80,-61.25
25148,-32.26,-87.44
25130,-44.65,-114.31
25112,-57.16,-142.84
25094,-69.55,-171.44
25082,-82.58,-198.88
25083,-90.20,-215.92
25088,-91.69,-217.62
25101,-85.35,-199.75
25124,-70.58,-163.50
25151,-50.05,-112.08
25179,-24.80,-51.47
25196,0.19,6.36
25206,20.67,52.53
25206,33.39,79.16
25196,35.97,85.69
25188,32.17,75.89
25175,22.81,56.09
25164,11.17,33.78
25171,4.36,20.09
25190,4.64,25.09
25219,15.41,50.59
25240,33.64,91.56
25254,52.71,133.50
25256,66.58,162.58
25244,69.50,168.94
25225,62.28,150.00
25200,45.67,112.75
25193,27.64,69.11
25190,12.76,33.41
25196,4.87,13.98
25200,4.62,14.28
25215,9.88,26.56
25221,17.13,42.25
25218,21.77,51.14
25205,21.94,47.83
25199,16.84,34.69
25192,8.76,17.44
25194,2.32,4.06
25189,-1.80,-4.64
25186,-4.96,-10.16
25182,-7.22,-16.89
25186,-8.86,-21.80
25182,-10.16,-26.70
25183,-10.41,-30.86
25172,-12.38,-34.58
25170,-15.76,-42.11
25166,-18.97,-47.27
25162,-23.27,-54.66
25149,-27.85,-64.41
25144,-32.96,-72.67
25139,-38.06,-80.78
25144,-40.66,-82.98
25147,-39.13,-77.09
25153,-34.93,-66.23
25157,-28.69,-53.42
25160,-23.25,-40.25
25163,-18.09,-27.23
25168,-13.43,-15.38
25167,-10.26,-4.86
25174,-6.25,3.88
25176,-2.69,11.92
25191,3.20,23.31
25199,11.04,38.16
25196,15.99,49.00
25183,16.95,50.06
25171,11.10,37.06
25158,0.30,12.20
25147,-11.97,-16.41
25131,-24.38,-43.34
25134,-32.41,-61.67
25139,-35.54,-66.83
25154,-32.02,-58.48
25150,-25.66,-44.06
25149,-20.63,-33.36
25138,-19.85,-31.95
25136,-23.36,-39.36
25128,-27.69,-48.12
25121,-33.30,-57.22
25111,-38.39,-66.86
25109,-43.22,-76.77
25104,-47.06,-86.94
25098,-50.46,-96.84
25088,-53.69,-108.00
25081,-58.00,-121.36
25076,-62.10,-135.28
25070,-65.99,-148.52
25064,-68.69,-157.09
25064,-69.51,-160.22
25062,-69.53,-159.47
25066,-67.05,-152.98
25072,-61.70,-140.33
25087,-52.87,-119.56
25102,-40.22,-91.59
25115,-25.96,-60.78
25123,-11.91,-32.23
25133,0.18,-9.88
25133,7.91,6.88
25146,15.27,21.03
25146,20.26,32.97
25134,19.50,35.06
25115,14.03,23.31
25101,2.08,-2.84
25077,-15.27,-39.44
25071,-30.26,-72.72
25068,-40.50,-95.33
25075,-44.98,-102.56
25084,-40.98,-95.94
25095,-32.93,-78.14
25103,-22.53,-56.98
25101,-14.91,-39.38
25097,-10.91,-30.66
25085,-12.87,-34.11
25073,-19.73,-47.66
25058,-29.48,-69.28
25043,-41.51,-91.58
25036,-51.69,-111.25
25041,-57.10,-119.69
25053,-55.50,-111.45
25066,-46.98,-90.12
25077,-34.38,-62.62
25079,-23.16,-36.50
25084,-14.25,-20.67
25074,-11.54,-14.14
25072,-12.21,-16.19
25061,-16.10,-23.38
25063,-20.55,-31.97
25054,-24.52,-41.62
25050,-28.79,-49.05
25045,-31.34,-55.09
25048,-33.52,-59.09
25044,-34.35,-60.12
25049,-32.88,-56.11
25054,-28.99,-48.81
25059,-24.80,-38.36
25061,-19.30,-27.20
25064,-14.59,-18.09
25068,-10.37,-9.69
25070,-7.09,-3.95
25070,-4.49,1.00
25070,-2.77,3.69
25075,-0.88,6.02
25081,1.91,12.22
25095,8.07,23.86
25104,16.16,40.92
25107,23.36,57.62
25112,29.95,71.48
25113,32.95,77.41
25102,30.80,73.55
25093,25.76,62.86
25083,17.22,43.22
25072,6.11,21.56
25069,-2.45,3.47
25071,-7.83,-7.19
25074,-9.69,-9.83
25073,-8.95,-6.59
25078,-6.25,1.50
25082,-3.19,10.16
25092,1.47,23.91
25100,8.15,39.47
25109,15.48,54.48
25107,20.96,66.77
25104,22.91,68.92
25092,19.77,60.22
25083,12.28,43.45
25074,3.42,23.03
25077,-3.50,6.62
25081,-6.07,-0.45
25081,-6.27,-0.67
25086,-2.95,3.36
25081,-1.80,5.45
25074,-3.47,0.17
25066,-7.05,-11.33
25064,-12.20,-24.25
25063,-16.09,-36.55
25061,-18.53,-44.47
25054,-20.60,-49.75
25049,-23.32,-55.02
25041,-27.65,-61.27
25030,-34.02,-70.94
25019,-41.07,-83.16
25013,-48.02,-95.75
25015,-52.12,-103.97
25024,-51.02,-101.03
25038,-43.71,-85.22
25051,-32.02,-58.20
25068,-17.17,-27.53
25070,-4.81,-1.41
25068,2.93,13.41
25054,3.53,13.22
25045,-2.40,1.31
25036,-10.78,-17.50
25030,-19.74,-35.62
25033,-24.00,-46.09
25037,-24.80,-45.55
25054,-19.05,-35.28
25063,-9.85,-18.25
25064,-1.61,-3.58
25058,3.72,4.11
25054,3.53,3.66
25048,-0.40,-4.53
25044,-5.38,-14.80
25037,-10.36,-27.31
25031,-15.59,-39.94
25023,-21.06,-51.19
25024,-25.01,-61.12
25025,-26.76,-66.31
25022,-27.67,-67.75
25015,-28.29,-70.38
25009,-30.62,-74.88
25002,-34.84,-80.39
25005,-37.35,-83.62
25005,-37.98,-80.94
25014,-34.84,-72.88
25018,-29.09,-59.98
25026,-22.38,-47.22
25029,-15.27,-32.61
25033,-9.75,-19.98
25030,-6.27,-11.98
25028,-5.45,-7.41
25029,-5.18,-5.05
25036,-4.17,-0.05
25042,-0.96,9.70
25050,4.59,23.72
25052,10.11,37.80
25060,15.61,50.91
25068,21.33,62.62
25082,28.26,78.25
25102,39.34,101.08
25126,53.88,133.78
25148,71.18,174.09
25160,87.12,210.89
25156,96.27,231.59
25150,97.45,233.25
25142,91.08,217.08
25141,81.77,192.98
25140,73.69,173.09
25150,70.00,161.69
25157,70.25,160.86
25164,72.48,166.31
25160,73.86,167.50
25147,69.41,159.38
25141,61.95,142.16
25141,53.10,122.30
25150,47.95,111.94
25156,47.80,111.59
25160,50.16,118.25
25167,54.15,125.08
25167,55.70,127.31
25159,53.66,120.70
25143,46.73,102.42
25122,33.15,70.06
25098,14.23,26.06
25082,-5.73,-18.48
25073,-22.95,-56.05
25077,-33.05,-79.25
25068,-38.89,-90.53
25074,-38.95,-92.25
25072,-37.24,-89.41
25068,-37.63,-87.69
25057,-38.50,-87.06
25054,-41.58,-91.97
25049,-45.25,-98.36
25047,-48.23,-104.94
25034,-51.58,-112.69
25031,-54.75,-119.56
25027,-57.52,-124.58
25032,-58.39,-123.59
25037,-54.72,-116.66
25042,-49.23,-106.06
25037,-44.27,-95.77
25040,-40.05,-88.98
25033,-39.05,-85.30
25033,-39.35,-81.78
25030,-39.13,-80.95
25030,-39.68,-80.41
25027,-39.20,-80.64
25030,-37.99,-78.61
25031,-35.84,-73.17
25034,-33.05,-66.02
25032,-30.14,-56.45
25030,-28.63,-50.89
25017,-30.70,-52.34
25008,-35.67,-62.97
24997,-42.64,-80.08
24989,-50.76,-99.06
24989,-55.22,-112.86
24990,-56.95,-117.72
24996,-54.35,-112.58
25006,-47.38,-98.95
25011,-39.51,-82.00
25011,-32.28,-66.91
25009,-27.42,-57.31
25004,-26.55,-55.70
24997,-28.73,-60.42
24994,-31.55,-69.41
24984,-36.22,-79.94
24988,-38.41,-87.19
24994,-37.24,-86.33
25011,-31.12,-72.25
25021,-20.32,-47.39
25029,-9.05,-18.27
25035,1.65,5.64
25027,5.56,18.11
25029,7.29,21.97
25034,8.18,21.61
25037,8.27,22.53
25045,12.36,27.14
25052,17.49,35.78
25061,23.37,47.50
25069,30.20,61.38
25072,35.44,73.06
25069,37.91,79.91
25066,37.27,79.66
25060,33.16,73.17
25062,29.00,64.02
25055,24.05,54.56
25055,20.09,47.09
25051,16.84,42.50
25059,15.24,42.62
25060,15.73,46.00
25063,16.95,49.44
25058,17.85,50.97
25056,16.21,47.92
25049,12.65,40.02
25046,7.77,29.28
25034,1.38,15.31
25021,-7.44,-4.70
25005,-18.06,-28.97
25001,-28.41,-52.28
24999,-35.74,-72.17
24999,-39.45,-82.06
24999,-38.98,-84.45
24997,-38.03,-83.72
24995,-37.13,-81.03
24998,-35.53,-77.48
24999,-33.75,-73.86
24996,-32.31,-72.42
24985,-33.20,-75.30
24974,-37.53,-84.28
24972,-42.41,-93.08
25061,-24.04,-53.92
25069,-1.84,-7.48
25072,22.76,42.64
25069,45.87,91.02
25063,44.07,90.47
25068,41.62,89.70
25074,40.03,89.72
25065,37.03,85.73
25051,32.18,72.19
25030,21.07,45.81
25023,7.27,15.52
25021,-4.10,-6.50
25041,-6.39,-7.67
25055,0.18,10.97
25073,12.67,41.19
25082,27.29,72.38
25081,35.92,93.52
25075,39.12,98.34
25059,33.67,86.17
25044,22.49,62.09
25031,8.87,31.72
25017,-6.08,-1.12
25002,-20.02,-32.83
24996,-31.02,-59.42
24996,-38.22,-77.69
25001,-40.30,-82.80
25008,-36.79,-76.66
25015,-30.20,-63.33
25014,-24.20,-49.41
25018,-18.73,-37.44
25018,-15.30,-29.81
25012,-15.28,-28.06
25009,-15.77,-29.67
25009,-17.23,-33.69
25013,-17.62,-35.00
25014,-16.23,-31.75
25018,-13.17,-23.66
25017,-10.52,-14.48
25016,-9.24,-8.50
25005,-11.03,-9.09
24999,-15.23,-17.14
24994,-20.23,-28.28
24992,-25.21,-35.38
25001,-24.95,-36.09
25009,-21.20,-27.53
25017,-14.38,-13.41
25027,-4.91,2.50
25035,3.83,19.62
25038,10.88,31.38
25029,13.34,34.56
25011,8.66,24.59
25000,-0.52,4.86
24992,-11.98,-18.88
24995,-19.88,-36.44
24998,-22.14,-43.12
25006,-19.54,-38.22
25015,-12.81,-26.06
25018,-6.42,-13.00
25018,-1.09,-2.09
25013,0.71,-0.23
24996,-4.08,-9.22
24984,-12.38,-27.00
24969,-24.01,-52.66
24956,-37.05,-80.28
24946,-47.70,-103.02
24943,-55.57,-120.12
24942,-59.55,-129.11
24941,-60.32,-131.41
24937,-59.55,-133.08
24926,-60.82,-136.17
24918,-63.77,-143.11
24910,-68.34,-152.44
24904,-73.16,-160.31
24900,-76.01,-163.55
24902,-76.21,-162.38
24898,-75.40,-159.77
24893,-74.38,-157.28
24890,-73.16,-156.16
24884,-74.01,-155.09
24884,-73.80,-152.58
24882,-72.86,-147.20
24887,-69.97,-139.59
24885,-66.22,-132.62
24884,-62.91,-126.50
24880,-60.27,-121.92
24874,-60.51,-121.34
24864,-62.73,-125.52
24854,-67.09,-134.75
24846,-72.23,-145.52
24844,-76.12,-153.23
24844,-77.31,-153.58
24852,-73.95,-144.89
24861,-66.50,-127.39
24873,-55.92,-103.52
24882,-43.62,-77.34
24885,-33.20,-55.48
24877,-27.54,-45.72
24865,-28.16,-49.94
24855,-33.51,-64.69
24851,-40.34,-82.19
24844,-46.56,-94.33
24848,-48.48,-98.36
24850,-47.31,-93.69
24857,-43.45,-84.52
24853,-39.02,-77.05
24844,-38.07,-74.70
24829,-41.41,-83.72
24811,-50.84,-102.53
24799,-61.80,-124.41
24799,-69.97,-140.44
24805,-72.47,-144.16
24818,-67.09,-130.95
24827,-56.74,-106.91
24836,-44.65,-79.80
24839,-33.92,-54.81
24834,-28.23,-40.31
24827,-26.81,-34.03
24831,-26.73,-31.83
24839,-25.39,-28.25
24848,-20.62,-15.84
24855,-12.59,1.19
24862,-4.20,21.12
24877,5.51,40.08
24880,13.23,54.83
24884,19.81,65.59
24880,23.32,69.31
24874,21.41,65.11
24865,16.59,54.11
24862,10.26,41.66
24862,5.24,31.81
24864,2.48,27.47
24869,3.35,30.09
24879,7.44,39.34
24891,14.32,51.39
24892,20.61,64.81
24896,26.34,74.31
24888,27.27,76.09
24883,23.90,69.30
24872,17.70,56.59
24864,8.81,38.77
24857,0.62,23.31
24869,-2.91,16.88
24881,-0.52,23.03
24902,9.02,43.39
24911,22.06,68.97
24920,33.71,92.78
24919,41.53,107.12
24915,42.70,108.75
24903,38.57,97.56
24888,28.64,75.19
24872,15.45,45.69
24870,3.43,18.16
24870,-4.99,-2.00
24873,-8.49,-13.16
24871,-8.31,-17.25
24870,-7.90,-20.12
24868,-8.01,-23.86
24871,-8.11,-28.16
24856,-11.45,-36.00
24849,-16.13,-46.95
24841,-22.07,-60.86
24832,-30.71,-75.81
24832,-35.18,-87.03
24828,-38.66,-92.92
24831,-39.23,-91.53
24836,-36.27,-83.72
24843,-31.71,-71.28
24848,-25.13,-57.47
24849,-19.38,-46.09
24846,-15.91,-39.53
24838,-16.36,-36.80
24841,-17.29,-36.72
24845,-17.42,-32.62
24858,-13.55,-21.50
24866,-5.88,-4.92
24879,3.92,15.08
24878,11.98,33.31
24883,17.63,45.16
24874,18.75,47.91
24863,13.81,41.77
24850,6.12,25.94
24846,-3.45,6.62
24842,-11.27,-7.72
24854,-12.96,-13.59
24852,-11.81,-9.91
24857,-8.47,-2.66
24853,-5.30,2.97
24852,-5.53,1.08
24835,-9.51,-6.48
24833,-15.03,-17.91
24830,-20.03,-30.00
24829,-24.78,-38.25
24830,-24.79,-42.58
24830,-24.30,-41.20
24840,-20.59,-32.41
24859,-12.05,-16.05
24873,-0.70,8.00
24891,14.59,37.36
24896,27.86,66.25
24909,38.96,89.69
24911,46.52,104.70
24904,47.44,108.47
24894,44.56,102.05
24895,38.84,91.95
24889,31.39,77.86
24882,24.32,62.22
24872,17.60,45.36
24867,9.73,27.34
24862,2.49,12.97
24865,-1.88,6.06
24869,-2.54,5.75
24867,-2.41,9.70
24863,-2.04,11.72
24857,-3.94,8.88
24851,-8.23,0.69
24841,-14.32,-12.09
24835,-20.61,-25.23
24832,-25.83,-36.97
24830,-29.79,-42.12
24842,-28.05,-40.27
24849,-23.15,-30.02
24855,-16.23,-16.52
24856,-8.92,-5.44
24845,-7.73,-3.92
24829,-12.34,-14.22
24822,-19.98,-30.27
24828,-25.98,-44.00
24833,-27.67,-47.53
24838,-24.04,-39.41
24849,-16.09,-24.67
24851,-9.54,-9.19
24849,-5.06,2.00
24845,-3.05,5.16
24837,-5.90,0.64
24830,-10.86,-8.64
24830,-15.07,-17.44
24829,-18.32,-21.31
24837,-17.41,-17.25
24836,-15.03,-10.89
24838,-12.28,-5.11
24831,-11.16,-5.86
24819,-15.10,-16.56
24804,-22.34,-37.22
24789,-33.48,-65.36
24783,-43.80,-91.34
24784,-50.37,-109.53
24787,-52.10,-113.56
24795,-47.99,-104.12
24806,-39.84,-87.67
24810,-31.35,-71.53
24808,-24.53,-58.97
24809,-19.80,-51.53
24812,-17.31,-45.69
24825,-12.70,-35.66
24836,-5.06,-19.11
24848,4.94,2.34
24859,16.44,25.97
24866,25.87,48.17
24870,33.07,65.02
24870,36.92,73.53
24861,35.58,72.09
24853,30.55,61.73
24848,23.52,46.89
24852,17.84,35.53
24858,16.20,30.52
24866,18.64,36.50
24879,25.45,50.17
24887,32.93,67.17
24889,39.03,83.06
24886,42.08,90.16
24874,38.73,83.91
24852,28.04,62.95
24834,12.89,30.80
24818,-4.75,-7.25
24809,-20.76,-40.14
24808,-30.72,-62.12
24813,-34.44,-68.52
24825,-30.97,-58.34
24846,-20.17,-33.42
24867,-4.41,2.75
24886,14.05,41.61
24881,27.35,69.03
24861,29.73,74.83
24847,23.25,59.84
24838,10.09,34.11
24837,-1.41,10.16
24835,-7.84,-4.11
24834,-10.70,-8.91
24841,-9.41,-6.20
24849,-5.95,2.12
24846,-2.90,10.28
24843,-0.50,13.25
24833,-2.48,9.08
24831,-6.85,-1.89
24833,-9.76,-11.31
24837,-10.77,-13.23
24847,-6.73,-7.08
24859,0.60,9.28
24869,9.57,28.33
24870,17.34,45.41
24867,21.48,51.14
24854,19.15,42.58
24841,11.19,22.95
24831,0.88,-0.95
24831,-8.16,-19.16
24830,-13.75,-28.69
24836,-14.31,-27.25
24841,-11.09,-18.88
24851,-5.54,-4.67
24853,0.48,10.06
24857,5.71,20.30
24846,6.67,23.28
24842,4.09,19.11
24847,2.38,14.91
24863,3.77,19.67
24879,11.83,39.69
24894,24.23,68.95
24903,37.02,99.00
24900,44.42,116.78
24892,45.45,118.44
24887,41.43,107.77
24886,35.11,90.88
24879,28.10,71.84
24864,19.70,49.25
24852,9.96,25.30
24847,-0.29,1.28
24843,-9.27,-18.03
24845,-13.56,-31.12
24836,-16.88,-41.08
24828,-20.79,-50.28
24828,-23.50,-57.78
24823,-27.82,-66.64
24811,-32.68,-76.31
24799,-38.30,-88.50
24791,-45.63,-102.56
24787,-52.35,-113.69
24789,-55.23,-118.00
24788,-55.22,-114.84
24793,-51.95,-106.84
24789,-48.86,-99.00
24785,-47.41,-92.55
24790,-44.55,-87.16
24788,-43.57,-84.06
24789,-41.39,-82.11
24780,-40.57,-82.00
24776,-42.04,-85.16
24772,-43.94,-89.89
24771,-46.24,-93.66
24770,-46.43,-94.72
24771,-45.36,-90.98
24780,-41.09,-81.19
24788,-34.79,-67.88
24788,-28.55,-57.25
24779,-25.12,-53.64
24776,-24.87,-58.20
24768,-28.62,-67.03
24764,-33.19,-78.67
24751,-38.53,-89.50
24746,-44.11,-99.28
24739,-49.15,-106.81
24749,-50.45,-108.22
24751,-47.92,-103.05
24757,-42.77,-91.16
24763,-34.63,-74.11
24776,-26.15,-55.41
24777,-18.34,-37.39
24779,-11.92,-24.75
24773,-8.83,-19.02
24771,-9.64,-19.56
24763,-12.66,-24.33
24760,-16.77,-31.88
24752,-21.19,-41.78
24747,-26.12,-49.95
24747,-28.82,-55.45
24751,-29.63,-52.94
24758,-26.65,-43.53
24760,-22.07,-30.84
24759,-17.97,-20.06
24758,-15.32,-14.80
24751,-16.30,-16.81
24744,-19.48,-24.22
24741,-23.01,-32.75
24741,-26.11,-39.36
24742,-27.05,-39.64
24752,-23.70,-32.41
24759,-18.02,-19.28
24763,-11.61,-4.06
24767,-4.78,8.89
24767,-0.79,16.44
24768,1.50,20.36
24769,2.92,20.83
24768,3.03,21.28
24779,5.88,24.97
24783,9.33,33.72
24799,16.36,47.80
24804,24.54,64.91
24812,31.56,78.41
24777,28.48,62.48
24779,22.06,40.84
24773,13.21,14.81
24771,2.30,-12.67
24793,6.20,3.97
24799,10.88,23.03
24803,17.84,45.62
24807,25.94,68.34
24797,25.64,65.92
24794,23.11,56.62
24789,18.45,42.05
24782,11.28,27.19
24775,5.21,12.83
24767,-1.80,0.94
24769,-6.70,-7.61
24772,-8.87,-12.23
24771,-9.42,-11.62
24770,-8.20,-9.30
24767,-8.30,-9.09
24762,-10.38,-12.62
24755,-13.86,-20.00
24749,-18.41,-30.50
24744,-23.24,-39.72
24747,-25.83,-45.23
24756,-24.29,-41.47
24774,-16.83,-25.64
24783,-6.23,-1.84
24802,7.83,27.23
24812,21.44,56.38
24826,33.37,81.30
24820,40.95,96.22
24818,42.90,100.17
24808,39.75,93.16
24806,32.77,78.25
24795,24.88,61.59
24795,17.88,48.02
24799,14.74,40.88
24797,11.75,38.08
24798,11.91,37.17
24794,11.06,35.31
24786,7.26,28.55
24780,2.65,18.62
24773,-3.73,7.45
24768,-10.05,-5.67
24762,-15.55,-18.39
24757,-20.52,-29.47
24760,-22.74,-37.00
24761,-23.35,-39.89
24765,-21.43,-36.89
24770,-17.10,-30.05
24778,-11.75,-18.31
24786,-4.91,-3.66
24790,1.58,9.77
24791,6.74,19.52
24789,9.16,22.81
24790,9.70,20.92
24778,6.21,13.12
24773,1.41,0.72
24765,-4.66,-12.08
24769,-9.68,-20.48
24778,-9.20,-17.45
24792,-3.98,-3.56
24799,4.71,15.86
24803,12.98,34.33
24805,19.08,46.86
24809,22.37,52.25
24803,22.25,51.64
24798,19.89,44.30
24791,15.40,33.59
24794,10.88,25.17
24799,9.34,23.17
24809,11.62,29.28
24813,16.54,40.06
24811,19.96,49.81
24806,20.71,52.31
24796,16.42,42.94
24782,7.85,24.28
24763,-4.54,-1.44
24751,-18.06,-30.11
24741,-30.91,-54.09
24742,-39.36,-68.62
24751,-40.39,-69.70
24762,-35.62,-58.97
24770,-26.59,-42.03
24769,-18.52,-28.19
24764,-14.34,-21.77
24757,-14.88,-25.92
24742,-21.13,-39.12
24722,-31.83,-60.91
24710,-43.73,-87.36
24707,-54.05,-111.25
24707,-60.09,-124.94
24712,-59.59,-126.95
24715,-55.36,-119.36
24720,-49.34,-105.89
24723,-42.88,-94.34
24723,-37.98,-83.38
24719,-35.09,-76.20
24716,-34.33,-74.89
24707,-36.61,-77.91
24704,-39.52,-82.27
24705,-41.05,-85.16
24714,-39.49,-81.66
24717,-35.02,-73.06
24720,-29.27,-62.16
24717,-24.80,-53.55
24716,-23.07,-47.38
24712,-23.16,-46.25
24713,-23.76,-45.44
24711,-24.07,-45.67
24708,-24.87,-44.88
24714,-23.12,-37.89
24726,-18.72,-25.50
24747,-8.79,-3.97
24751,2.41,19.72
24755,12.54,39.98
24754,18.91,53.75
24755,19.97,60.56
24747,17.97,59.55
24741,13.57,52.06
24735,8.14,39.45
24732,1.98,25.97
24741,0.38,18.92
24748,2.11,22.23
24761,8.51,32.61
24769,17.34,49.00
24781,26.47,67.55
24787,34.90,84.42
24789,40.15,96.72
24789,43.14,103.12
24788,42.73,103.22
24786,40.34,98.31
24788,38.08,92.89
24782,34.42,85.50
24780,30.70,77.23
24773,25.92,69.11
24776,21.62,62.89
24778,19.55,60.75
24789,20.82,66.20
24801,26.78,80.89
24819,36.20,102.86
24835,48.63,130.45
24857,63.20,159.67
24874,78.29,190.19
24894,93.12,218.42
24899,104.47,239.02
24893,108.24,246.31
24879,104.08,234.75
24866,91.88,206.27
24849,74.78,169.44
24843,58.54,132.72
24839,45.62,105.34
24851,39.59,91.33
24859,40.11,88.77
24872,45.36,97.84
24884,54.34,110.69
24884,59.87,122.66
24878,61.62,126.52
24871,58.29,119.69
24862,49.88,103.97
24860,41.38,86.77
24865,36.06,75.44
24874,35.01,72.41
24875,36.51,74.78
24870,37.18,74.30
24860,34.07,64.83
24843,24.62,42.59
24826,11.14,10.47
24809,-4.66,-25.06
24796,-20.43,-57.05
24794,-31.66,-79.70
24798,-37.08,-88.97
24806,-35.98,-83.77
24823,-27.43,-65.84
24839,-14.80,-39.55
24844,-2.56,-12.58
24842,6.56,5.55
24830,7.98,9.53
24814,1.34,-4.19
24799,-9.98,-27.23
24799,-20.23,-49.62
24796,-27.72,-64.66
24803,-29.09,-68.19
24807,-25.63,-60.78
24818,-19.60,-47.98
24817,-13.37,-33.58
24820,-8.45,-20.66
24816,-5.77,-16.38
24809,-7.73,-20.55
24797,-12.35,-28.52
24809,-14.48,-33.08
24819,-13.01,-27.66
24832,-6.60,-13.03
24831,2.23,4.62
24837,9.12,17.39
24829,11.16,20.77
24825,8.84,16.97
24813,3.90,4.11
24806,-4.05,-11.84
24800,-11.09,-28.00
24800,-16.79,-41.09
24805,-17.95,-43.55
24816,-14.55,-36.12
24824,-7.83,-20.58
24839,2.31,1.45
24847,12.70,24.64
24848,20.07,41.91
24838,22.57,48.06
24828,18.70,41.66
24822,11.51,28.08
24824,4.93,13.94
24822,0.68,9.25
24833,1.89,12.05
24837,5.55,21.19
24847,11.02,35.12
24847,16.73,45.38
24845,18.89,52.09
24839,18.45,52.50
24839,15.52,47.62
24834,11.49,41.98
24838,9.17,37.39
24840,8.96,35.50
24844,9.76,34.47
24835,9.52,31.48
24836,8.55,26.66
24833,6.38,20.84
24839,4.81,18.06
24837,5.07,17.92
24837,5.06,19.02
24830,4.05,19.81
24835,2.85,17.56
24837,2.71,16.67
24843,4.08,18.59
24849,8.62,26.16
24861,14.69,39.09
24871,22.45,55.91
24876,29.58,71.62
24874,34.35,80.80
24861,32.64,78.52
24848,25.26,65.08
24845,16.25,48.06
24845,8.19,33.91
24846,4.02,24.70
24843,2.57,21.47
24846,2.69,19.16
24841,1.55,15.95
24843,0.73,13.16
24841,0.20,10.25
24842,-0.81,7.22
24835,-2.27,2.59
24840,-2.91,-1.03
24833,-4.77,-5.98
24838,-5.52,-9.42
24837,-4.75,-13.69
24835,-5.77,-20.75
24822,-8.23,-30.70
24820,-12.32,-43.92
24809,-18.70,-56.22
24807,-24.77,-68.16
24799,-29.27,-78.25
24798,-33.30,-84.59
24797,-34.64,-86.88
24799,-34.91,-86.78
24798,-33.41,-81.95
24802,-30.75,-74.84
24812,-25.46,-65.59
24809,-21.69,-56.81
24803,-19.35,-52.22
24802,-18.38,-49.86
24809,-18.21,-46.62
24816,-15.55,-39.05
24820,-10.53,-25.59
24824,-4.50,-11.31
24826,-0.03,0.50
24833,4.22,10.73
24831,6.76,16.70
24827,7.16,17.11
24812,3.31,10.50
24810,-2.60,-2.28
24802,-9.72,-15.67
24800,-15.98,-26.38
24795,-19.43,-33.05
24802,-20.46,-34.41
24804,-18.94,-30.94
24809,-15.74,-22.66
24813,-10.45,-12.77
24818,-5.93,-3.12
24820,-1.63,3.53
24820,1.20,8.36
24823,3.63,12.44
24821,4.20,13.56
24818,3.49,12.64
24812,1.32,7.02
24809,-2.25,-2.34
24802,-6.89,-14.22
24793,-12.80,-28.27
24784,-19.16,-43.36
24781,-25.20,-54.69
24788,-27.43,-58.70
24797,-25.05,-52.50
24806,-18.30,-36.88
24814,-9.14,-16.53
24824,0.31,5.55
24836,10.05,26.50
24845,19.30,44.92
24841,25.09,57.44
24832,25.84,59.56
24822,21.04,50.84
24818,13.23,37.06
24812,5.32,19.69
24802,-2.45,5.95
24800,-7.82,-4.09
24797,-12.68,-12.39
24795,-16.30,-16.50
24800,-15.98,-17.67
24804,-14.19,-11.28
24809,-10.48,-1.72
24811,-5.95,9.36
24808,-3.66,17.89
24808,-2.47,17.48
24799,-4.84,9.86
24789,-10.10,-4.39
24782,-16.09,-20.92
24782,-21.79,-32.38
24787,-23.70,-35.00
24797,-20.52,-28.75
24801,-14.74,-17.31
24798,-10.01,-6.45
24803,-5.51,-0.14
24803,-3.73,4.62
24811,-1.05,8.89
24813,2.76,15.20
24814,5.38,20.20
24810,6.86,22.19
24811,6.52,22.83
24805,4.19,20.44
24808,2.48,19.41
24802,0.35,17.94
24798,-2.91,14.05
24793,-5.77,8.34
24788,-10.48,-0.31
24786,-13.95,-12.05
24779,-18.01,-24.20
24774,-21.86,-36.23
24775,-24.02,-45.94
24779,-24.56,-50.89
24777,-23.84,-52.09
24783,-20.40,-49.25
24785,-16.88,-41.78
24792,-12.79,-32.69
24788,-9.40,-26.05
24785,-8.42,-24.25
24780,-9.25,-30.03
24777,-12.54,-39.78
24768,-16.91,-48.55
24774,-18.82,-54.11
24776,-18.88,-54.16
24779,-17.43,-49.45
24786,-12.05,-39.22
24795,-6.20,-25.77
24797,-0.65,-10.73
24804,5.63,3.55
24800,8.85,10.86
24796,8.66,9.06
24782,4.48,-2.14
24770,-4.25,-20.03
24768,-12.04,-35.78
24770,-17.94,-44.48
24778,-18.04,-42.50
24783,-13.88,-32.62
24785,-8.94,-20.73
24797,-1.73,-6.20
24802,4.35,7.84
24808,10.38,21.20
24797,12.86,27.38
24784,8.96,21.77
24775,1.76,6.44
24767,-8.58,-14.14
24765,-16.15,-29.42
24769,-19.09,-33.70
24771,-19.12,-31.53
24778,-15.42,-23.44
24780,-10.90,-13.27
24785,-6.36,-3.34
24788,-1.80,5.84
24784,-0.21,9.80
24782,0.30,9.81
24776,-1.97,4.06
24775,-5.12,-3.16
24775,-7.11,-7.00
24779,-7.50,-7.41
24782,-5.62,-2.78
24787,-2.34,4.61
24790,1.52,12.12
24788,3.70,16.52
24786,4.52,14.69
24769,-0.21,5.95
24770,-5.20,-10.09
24768,-9.94,-24.83
24770,-13.45,-34.34
24778,-10.52,-33.88
24781,-7.25,-23.67
24789,-1.63,-7.00
24800,5.95,11.86
24801,11.41,26.77
24799,15.34,37.67
24795,16.07,39.78
24795,14.02,36.55
24787,9.81,30.97
24792,7.57,27.42
24794,6.94,28.31
24806,9.34,33.89
24807,13.88,41.95
24805,16.43,47.34
24804,18.11,50.72
24803,16.45,49.92
24798,13.38,45.42
24796,10.47,40.91
24798,8.45,35.62
24805,8.52,35.59
24819,13.35,43.81
24833,21.93,61.88
24844,32.34,85.03
24858,43.97,109.28
24864,53.02,128.08
24864,58.12,137.67
24855,57.96,136.03
24841,50.81,118.25
24823,38.02,92.08
24820,25.12,63.98
24819,14.87,42.03
24824,9.88,31.92
24825,9.88,31.83
24830,11.88,34.22
24827,13.29,36.75
24830,14.12,35.91
24819,11.91,29.36
24817,8.07,20.41
24804,1.91,6.91
24798,-6.19,-8.19
24796,-11.62,-21.28
24798,-15.80,-31.72
24789,-18.76,-38.89
24788,-20.32,-44.70
24775,-24.55,-52.97
24772,-29.82,-64.83
24765,-34.33,-75.58
24769,-37.36,-81.03
24774,-35.74,-78.23
24787,-30.21,-67.08
24794,-21.45,-51.48
24803,-11.88,-34.92
