25086,71.38,148.94
25055,104.44,216.62
25043,137.60,283.28
25033,168.35,343.50
25041,194.00,394.00
25037,214.10,433.84
25044,227.75,460.50
25048,234.66,472.69
25065,235.41,472.53
25079,230.50,462.00
25100,221.53,443.44
25122,208.66,417.28
25151,193.25,385.06
25170,175.06,347.62
25190,155.41,308.22
25201,135.06,268.75
25208,116.10,230.72
25215,98.19,194.38
25228,81.41,159.94
25239,66.13,129.78
25248,53.47,104.00
25252,42.78,82.53
25253,34.56,64.75
25249,28.28,50.97
25245,23.44,40.69
25245,19.50,33.72
25244,17.35,29.69
25241,16.94,28.94
25241,17.69,30.34
25240,19.06,32.88
25243,20.16,34.97
25247,20.22,35.56
25251,19.31,33.78
25258,17.53,30.91
25260,15.38,26.66
25258,13.13,21.69
25267,9.75,15.38
25272,5.66,8.62
25279,1.13,0.19
25289,-4.12,-9.56
25297,-9.84,-20.34
25310,-16.28,-32.94
25320,-23.62,-46.53
25325,-31.81,-61.16
25333,-39.81,-77.16
25342,-48.22,-93.69
25348,-56.47,-110.06
25348,-63.37,-124.81
25350,-69.50,-137.69
25359,-75.06,-149.09
25357,-79.09,-159.41
25358,-82.56,-168.25
25348,-83.75,-171.03
25325,-80.97,-166.41
25288,-72.81,-151.19
25247,-59.62,-124.47
25203,-40.75,-86.22
25165,-16.19,-36.91
25128,12.56,21.38
25106,43.94,84.56
25090,75.81,148.25
25081,105.72,207.69
25081,130.75,258.91
25083,150.22,297.47
25093,162.75,322.44
25101,169.47,334.62
25116,169.63,335.84
25124,166.03,328.69
25140,158.47,314.94
25144,149.31,296.81
25158,138.47,275.81
25168,126.72,252.47
25184,114.35,228.22
25195,101.66,202.75
25209,89.22,177.38
25214,77.25,153.44
25223,66.25,129.22
25231,54.85,105.66
25240,44.16,82.81
25239,34.94,63.28
25246,26.91,46.91
25242,20.85,34.16
25247,15.91,24.62
25247,11.66,16.31
25253,7.81,10.44
25251,5.25,6.75
25252,3.72,5.19
25250,2.31,3.91
25256,1.03,2.12
25259,-1.12,-0.62
25275,-4.59,-5.88
25281,-8.81,-12.72
25294,-13.87,-21.50
25300,-19.87,-32.34
25308,-26.72,-44.84
25309,-33.87,-57.62
25312,-40.59,-70.44
25316,-47.37,-82.62
25319,-52.50,-93.34
25320,-56.94,-101.59
25321,-59.84,-108.16
25330,-63.12,-113.53
25337,-66.25,-119.75
25346,-70.34,-127.66
25353,-74.90,-136.75
25354,-79.06,-146.03
25361,-83.69,-154.97
25362,-88.28,-164.47
25359,-92.34,-172.53
25351,-94.22,-177.53
25336,-93.34,-176.34
25308,-87.84,-165.31
25269,-76.65,-143.00
25224,-59.81,-108.50
25183,-37.09,-63.38
25147,-9.90,-8.62
25117,20.44,52.31
25091,52.75,116.03
25075,84.97,178.97
25062,115.03,237.03
25056,140.75,288.66
25045,162.00,330.09
25043,178.22,362.06
25046,189.41,383.16
25059,195.13,394.09
25071,196.06,396.31
25084,193.38,391.50
25094,187.85,379.88
25112,179.35,362.44
25119,168.69,340.19
25137,155.60,314.09
25144,142.10,286.97
25148,129.85,261.94
25148,119.19,239.72
25159,108.85,218.94
25162,99.47,200.94
25171,91.28,183.72
25178,83.16,167.62
25198,74.85,150.28
25204,66.75,133.22
25213,58.10,115.91
25205,50.50,99.97
25199,45.10,88.91
25191,41.10,79.69
25191,38.28,72.19
25193,36.10,66.22
25200,35.56,63.56
25206,35.03,60.41
25226,33.13,54.53
25241,28.38,42.97
25258,20.78,25.25
25264,11.50,4.69
25270,1.53,-16.75
25275,-8.72,-37.88
25279,-18.53,-58.06
25282,-27.87,-75.47
25286,-35.15,-89.25
25287,-40.62,-98.78
25292,-44.56,-105.97
25304,-49.22,-113.75
25311,-53.97,-120.84
25316,-58.65,-129.50
25331,-64.69,-141.47
25338,-71.19,-154.97
25347,-78.25,-169.72
25356,-86.25,-186.75
25359,-93.90,-202.75
25345,-98.28,-212.88
25322,-98.84,-215.41
25286,-94.31,-205.91
25239,-82.06,-180.38
25188,-62.65,-141.03
25142,-36.53,-88.66
25106,-5.00,-25.94
25097,27.78,39.62
25090,59.44,102.56
25089,88.06,159.50
25087,112.25,206.59
25096,129.25,240.44
25098,139.47,260.12
25113,142.00,265.81
25123,138.75,260.94
25139,132.38,250.22
25150,123.81,235.19
25163,113.60,215.94
25178,101.28,193.56
25194,88.22,168.00
25211,73.41,140.53
25227,58.56,112.53
25233,44.35,85.12
25241,31.25,59.09
25244,19.25,37.00
25240,9.47,19.31
25243,1.28,5.16
25241,-4.62,-5.62
25239,-8.09,-12.34
25237,-9.28,-14.75
25234,-9.34,-13.88
25233,-8.28,-9.91
25228,-6.22,-6.19
25228,-4.69,-2.88
25224,-2.28,0.03
25219,0.50,4.78
25221,2.75,9.50
25223,4.47,12.53
25223,5.81,14.69
25219,7.53,16.56
25214,9.22,19.81
25215,10.78,22.91
25214,11.94,25.22
25216,12.22,25.38
25219,12.38,24.06
25226,11.91,22.12
25234,10.44,19.06
25241,7.60,12.69
25250,3.06,2.81
25256,-2.09,-9.09
25261,-7.94,-22.00
25268,-14.37,-35.31
25276,-21.40,-49.66
25289,-29.09,-65.25
25294,-36.37,-81.72
25301,-43.59,-97.34
25295,-48.87,-108.19
25274,-50.72,-111.19
25238,-47.44,-102.94
25198,-38.31,-82.00
25146,-21.75,-47.59
25104,1.53,-0.09
25068,29.78,57.91
25048,61.19,123.34
25025,94.44,190.12
25021,125.31,252.59
25018,151.81,305.69
25025,172.22,345.88
25033,184.97,372.09
25045,190.88,384.62
25060,190.35,385.03
25072,185.81,375.69
25082,177.19,359.94
25092,166.88,339.56
25103,154.91,316.38
25112,142.81,290.97
25124,130.28,265.41
25133,118.25,241.16
25145,106.69,217.25
25154,95.60,194.62
25161,84.97,171.81
25166,75.03,150.69
25169,66.19,131.09
25175,57.78,113.94
25180,50.35,98.41
25185,43.44,84.38
25183,38.35,74.19
25177,35.16,68.47
25170,33.75,66.66
25166,33.50,67.12
25162,34.10,69.09
25169,34.56,71.66
25175,34.91,73.69
25182,35.00,74.22
25193,33.47,71.75
25198,30.56,65.69
25201,26.44,57.41
25204,21.47,47.31
25203,16.19,37.44
25206,11.44,27.38
25206,7.47,17.91
25213,3.53,8.00
25228,-0.87,-2.69
25238,-5.84,-15.91
25262,-13.40,-32.03
25279,-22.69,-51.03
25286,-32.87,-73.00
25299,-44.25,-96.78
25304,-56.15,-120.25
25308,-67.59,-142.28
25314,-77.81,-161.00
25313,-86.56,-176.09
25316,-92.62,-186.78
25309,-95.62,-191.91
25291,-95.50,-190.25
25264,-90.34,-177.22
25225,-79.75,-152.94
25179,-62.97,-115.72
25136,-40.22,-68.06
25099,-13.15,-10.91
25070,17.69,51.91
25054,49.44,116.38
25047,79.56,176.56
25049,105.78,227.50
25060,125.56,264.94
25076,137.41,287.44
25092,141.81,294.53
25110,139.31,288.81
25119,132.10,274.88
25123,122.41,256.66
25123,111.91,236.97
25128,101.16,217.09
25135,90.97,198.34
25142,82.00,180.16
25157,73.22,163.69
25165,65.75,148.50
25170,58.85,133.19
25168,52.75,119.75
25167,46.85,107.31
25175,40.60,94.19
25181,34.53,80.69
25190,28.25,67.41
25202,22.41,53.62
25219,15.47,39.44
25225,8.47,25.50
25227,1.03,10.19
25227,-6.50,-5.41
25220,-12.09,-16.84
25210,-15.62,-24.31
25205,-17.37,-27.50
25196,-16.50,-25.66
25193,-13.12,-19.06
25193,-9.03,-10.28
25193,-4.72,-2.09
25200,-1.28,5.19
25206,0.50,8.50
25214,0.00,8.69
25216,-1.37,6.00
25221,-4.47,1.09
25227,-8.69,-7.03
25119,0.63,12.16
25123,9.38,31.44
25123,18.91,50.94
25128,28.50,70.91
25268,21.53,57.94
25263,15.50,46.47
25263,10.13,37.22
25249,7.31,30.41
25251,-9.25,-2.97
25244,-24.31,-34.19
25232,-37.75,-60.81
25202,-46.72,-79.81
25170,-34.09,-55.03
25115,-15.31,-17.34
25059,10.31,33.16
25005,40.72,93.78
24972,75.28,161.66
24946,111.94,232.88
24933,148.44,303.16
24930,181.25,367.09
24937,208.91,420.16
24942,228.85,457.31
24955,240.00,477.41
24960,243.72,485.19
24963,242.91,483.06
24967,238.35,474.06
24972,231.56,461.88
24971,224.60,448.56
24977,217.81,435.84
24981,211.19,423.72
24993,204.75,411.84
25002,197.85,397.31
25014,189.88,381.50
25015,182.35,366.69
25017,175.25,351.91
25017,168.10,337.22
25017,161.75,322.78
25015,156.22,310.31
25012,152.60,300.19
25014,149.88,293.78
25016,148.44,288.81
25025,146.00,283.25
25025,143.85,277.72
25023,141.94,274.25
25014,141.16,272.78
25008,140.91,272.75
25002,141.03,273.81
24996,142.16,276.38
24993,143.88,280.66
24994,146.60,286.91
24994,149.28,293.25
24995,151.60,297.78
25002,151.88,298.91
25013,150.03,295.88
25021,146.47,290.66
25025,141.69,282.22
25033,135.56,271.59
25036,129.22,259.69
25038,122.69,247.34
25043,115.72,233.88
25053,108.44,219.38
25055,102.31,207.50
25055,97.22,197.22
25050,93.31,189.88
25048,90.69,184.59
25040,89.47,182.88
25022,90.75,186.66
24995,96.03,198.91
24960,106.88,221.94
24924,122.41,253.53
24886,142.56,293.38
24850,166.41,340.16
24826,192.81,391.94
24810,220.03,444.91
24795,246.66,495.72
24786,270.78,542.00
24778,291.38,580.56
24778,307.28,610.56
24782,317.81,629.28
24793,322.41,637.75
24801,322.97,637.53
24816,319.63,629.56
24833,312.31,615.16
24846,302.35,594.47
24857,290.03,570.94
24860,277.47,545.84
24868,264.50,521.38
24875,252.13,496.56
24888,239.22,472.59
24896,227.31,449.44
24910,215.88,427.34
24919,205.00,406.31
24930,194.25,385.94
24937,183.06,365.88
24939,172.75,347.81
24931,164.38,333.03
24929,157.94,321.62
24926,152.94,313.44
24933,148.85,307.44
24933,145.91,303.84
24932,144.50,303.19
24928,144.47,304.12
24923,145.31,307.06
24908,147.03,311.62
24899,149.63,318.00
24884,153.66,326.19
24883,158.66,335.69
24880,164.03,344.62
24890,167.97,350.22
24897,170.50,352.28
24914,170.25,349.34
24922,167.13,341.28
24936,161.16,327.56
24925,154.75,313.09
24902,151.16,304.22
24868,151.44,303.53
24846,155.72,310.38
24829,162.97,323.66
24829,172.28,341.19
24826,182.91,360.72
24840,193.44,379.94
24852,201.00,394.25
24871,203.25,397.72
24881,200.00,392.19
24885,193.53,381.03
24875,186.25,368.72
24859,181.03,359.53
24826,179.60,359.03
24779,185.78,372.78
24729,199.69,402.19
24667,223.60,451.09
24578,259.69,521.22
24496,306.22,608.56
24432,359.13,706.44
24396,414.13,805.78
24379,466.69,900.34
24380,512.85,982.03
24392,550.88,1048.28
24404,579.35,1096.28
24422,594.19,1119.75
24465,593.31,1116.53
24507,579.19,1090.12
24552,555.03,1047.91
24578,525.72,996.12
24599,494.13,940.53
24617,462.03,883.03
24641,428.72,823.97
24660,395.56,764.28
24687,364.66,708.06
24716,335.63,655.88
24742,309.19,607.38
24768,282.97,559.66
24788,257.10,513.44
24797,232.53,469.56
24803,210.41,429.81
24795,191.85,397.38
24786,177.94,373.94
24777,168.91,358.09
24781,162.69,347.72
24783,159.50,341.44
24792,157.72,336.56
24806,155.35,332.38
24815,152.63,326.47
24825,147.66,316.22
24848,138.72,298.44
24868,126.22,274.41
24895,110.97,244.84
24925,92.31,208.88
24958,70.81,168.09
24962,50.75,129.00
24958,32.47,94.34
24951,16.44,63.84
24957,2.69,36.97
24963,-9.22,13.19
24978,-19.53,-7.53
24987,-27.12,-23.59
25006,-32.90,-35.28
25014,-39.15,-49.12
25025,-47.22,-66.88
25018,-55.22,-84.84
25007,-61.03,-96.69
24978,-62.40,-100.28
24951,-58.53,-92.50
24911,-48.56,-72.12
24872,-31.44,-38.81
24836,-8.94,6.38
24806,18.50,61.34
24775,48.75,121.84
24761,79.10,181.12
24749,107.10,236.03
24746,131.88,284.53
24742,151.97,324.25
24747,166.41,352.16
24761,174.47,366.97
24780,176.31,370.66
24791,172.88,364.56
24799,166.75,353.28
24807,158.16,337.59
24820,147.63,317.12
24831,135.31,292.84
24852,121.10,266.38
24869,106.63,239.50
24886,92.53,212.19
24895,78.81,185.38
24906,64.81,157.62
24914,50.91,129.34
24929,36.88,101.44
24932,23.94,75.62
24928,14.25,55.16
24923,7.38,39.59
24927,2.19,27.91
24928,-1.97,18.19
24929,-4.84,10.94
24927,-6.40,6.62
24935,-7.09,4.84
24942,-8.28,1.81
24958,-11.97,-5.59
24976,-18.50,-18.06
24995,-26.84,-34.53
25002,-35.87,-52.62
25012,-45.94,-71.22
25013,-56.34,-90.78
25023,-66.90,-112.19
25034,-77.87,-133.19
25047,-88.37,-153.75
25056,-97.65,-172.16
25063,-105.37,-188.16
25074,-113.53,-204.41
25093,-122.75,-223.78
25099,-132.50,-243.25
25104,-141.56,-261.19
25101,-148.78,-276.97
25107,-155.09,-290.88
25109,-160.50,-303.28
25117,-165.97,-315.34
25121,-170.50,-325.19
25111,-171.40,-328.44
25094,-169.40,-324.81
25062,-162.78,-312.72
25028,-152.37,-290.72
24985,-135.90,-256.75
24938,-113.44,-210.94
24902,-85.65,-155.25
24875,-54.22,-92.91
24861,-22.53,-29.53
24855,7.53,29.22
24865,32.10,78.62
24877,50.72,114.88
24888,62.44,137.81
24887,68.31,149.56
24887,69.63,153.59
24883,68.06,151.75
24882,64.91,146.41
24890,60.00,138.47
24896,55.63,130.22
24912,50.81,121.94
24931,45.03,111.34
24949,36.94,95.97
24970,26.28,74.72
24990,12.69,48.00
25012,-3.65,16.34
25025,-20.50,-17.16
25033,-37.44,-50.75
25040,-53.15,-82.47
25046,-67.09,-110.81
25046,-78.69,-133.44
25040,-86.81,-148.75
25027,-90.75,-156.06
25024,-91.53,-156.81
25016,-89.69,-152.94
25015,-86.75,-147.72
25016,-83.03,-141.16
25018,-78.87,-133.91
25025,-75.62,-128.84
25034,-74.28,-128.31
25040,-75.31,-132.28
25051,-78.09,-139.72
25056,-82.47,-150.34
25068,-88.40,-162.66
25079,-95.59,-177.12
25081,-102.72,-191.06
25081,-108.90,-203.78
25087,-114.65,-214.28
25087,-119.59,-224.56
25090,-123.50,-233.62
25095,-127.37,-242.00
25104,-130.87,-248.69
25112,-133.94,-255.06
25119,-137.59,-262.66
25127,-142.22,-271.66
25139,-147.56,-281.97
25146,-153.78,-292.84
25153,-160.44,-304.50
25153,-166.40,-313.44
25138,-169.31,-317.28
25104,-166.97,-311.38
25066,-159.03,-292.38
25015,-143.78,-259.94
24968,-121.25,-214.50
24927,-92.90,-157.28
24898,-60.28,-92.16
24881,-25.81,-24.94
24871,7.75,39.25
24878,35.94,94.06
24886,58.16,134.06
24903,71.69,158.50
24924,76.60,166.09
24943,74.00,158.38
24962,65.41,139.22
24977,52.91,113.00
24989,37.75,82.84
24995,22.81,52.31
25008,7.38,22.25
25026,-8.03,-8.19
25042,-22.72,-37.09
25058,-36.90,-64.41
25074,-50.62,-90.88
25093,-64.72,-117.78
25108,-79.09,-146.72
25126,-94.81,-176.69
25137,-110.15,-206.12
25138,-123.28,-231.84
25135,-133.90,-253.12
25137,-142.72,-269.22
25128,-148.31,-280.56
25128,-151.50,-286.69
25126,-152.53,-288.38
25128,-151.56,-288.06
25135,-150.12,-286.91
25144,-149.69,-286.97
25153,-150.75,-290.31
25160,-152.44,-297.75
25173,-156.84,-308.50
25189,-163.22,-323.41
25201,-171.28,-341.34
25218,-181.15,-361.09
25226,-191.06,-381.44
25233,-200.65,-401.53
25242,-210.15,-420.19
25248,-219.47,-436.09
25244,-226.59,-448.59
25243,-231.53,-457.50
25242,-234.81,-462.97
25247,-236.56,-466.03
25255,-238.31,-468.31
25269,-240.90,-471.44
25276,-243.25,-475.41
25289,-246.40,-481.09
25292,-250.44,-488.75
25301,-255.69,-497.84
25296,-260.37,-505.72
25285,-263.06,-510.28
25259,-261.44,-506.69
25234,-254.97,-493.25
25198,-243.19,-467.31
25163,-225.50,-430.94
25129,-203.31,-385.25
25106,-177.31,-332.94
25083,-149.28,-276.53
25067,-120.81,-218.47
25053,-94.09,-164.72
25050,-70.34,-117.16
25050,-51.28,-79.97
25056,-37.50,-53.72
25066,-29.34,-38.28
25079,-25.75,-32.09
25091,-26.53,-33.72
25096,-29.97,-42.06
25106,-36.37,-54.88
25112,-43.84,-71.69
25122,-52.47,-89.50
25125,-60.69,-107.03
25133,-68.56,-123.44
25140,-75.62,-138.94
25147,-82.03,-153.31
25154,-88.62,-168.34
25167,-95.53,-183.25
25172,-102.25,-198.16
25182,-108.94,-213.56
25192,-116.44,-228.59
25194,-123.12,-243.00
25196,-129.15,-255.31
25199,-134.62,-266.28
25198,-139.03,-274.16
25196,-141.53,-279.94
25194,-143.15,-282.06
25190,-143.00,-280.81
25189,-141.47,-277.44
25186,-139.34,-273.09
25106,-126.97,-246.03
25083,-111.44,-213.69
25067,-94.19,-177.09
25053,-75.56,-138.31
25204,-76.22,-138.97
25208,-77.87,-141.47
25211,-80.00,-145.47
25213,-82.72,-151.44
25228,-97.31,-182.09
25234,-115.40,-220.75
25249,-137.22,-266.59
25258,-161.75,-317.72
25270,-168.69,-333.06
25274,-175.59,-349.53
25277,-182.44,-364.38
25268,-187.87,-376.09
25270,-191.62,-384.22
25263,-193.72,-388.66
25264,-194.03,-389.94
25265,-193.37,-389.44
25272,-192.09,-387.06
25265,-189.44,-381.84
25247,-184.19,-370.91
25212,-175.72,-351.94
25172,-162.06,-323.75
25126,-143.65,-286.53
25095,-121.40,-241.34
25067,-95.65,-189.53
25057,-68.00,-133.88
25053,-40.94,-79.91
25061,-17.34,-34.00
25064,1.31,0.53
25075,13.44,23.53
25062,21.35,38.47
25059,25.69,47.16
25055,26.97,49.91
25063,26.00,47.62
25065,24.28,43.34
25075,22.31,38.12
25085,19.50,31.56
25105,15.60,22.31
25119,8.35,6.88
25132,-0.84,-13.69
25134,-10.72,-34.84
25140,-20.25,-54.69
25142,-29.72,-73.25
25147,-38.47,-89.81
25147,-45.90,-102.84
25146,-50.65,-111.91
25148,-53.87,-117.25
25150,-55.69,-119.56
25149,-57.12,-121.09
25156,-58.69,-122.62
25159,-60.34,-124.25
25167,-62.34,-127.25
25177,-65.59,-132.22
25189,-70.44,-140.66
25203,-76.75,-152.16
25216,-84.40,-167.44
25227,-93.47,-184.59
25233,-102.34,-202.50
25231,-110.50,-219.00
25234,-118.00,-233.88
25239,-124.81,-247.62
25246,-130.94,-259.53
25249,-135.65,-268.09
25253,-139.19,-274.06
25257,-141.81,-279.75
25264,-144.53,-285.25
25263,-147.37,-291.72
25269,-150.56,-298.12
25269,-153.09,-304.25
25274,-155.37,-309.69
25281,-158.12,-315.56
25283,-160.62,-321.56
25282,-162.47,-325.50
25281,-163.31,-328.53
25285,-164.78,-331.16
25288,-165.84,-334.25
25282,-166.15,-335.69
25273,-164.72,-333.75
25256,-160.28,-325.09
25224,-151.62,-307.72
25182,-137.90,-280.50
25140,-119.19,-243.12
25109,-96.22,-196.31
25080,-69.47,-143.25
25065,-41.78,-86.62
25053,-13.94,-31.06
25050,11.94,19.31
25050,33.60,61.28
25058,48.81,92.16
25065,57.81,110.41
25080,60.97,116.91
25088,59.50,114.59
25099,54.78,105.31
25108,47.47,91.59
25118,38.60,75.00
25133,27.91,55.62
25147,16.56,33.56
25164,4.06,9.19
25178,-8.22,-15.66
25191,-21.03,-40.66
25200,-33.50,-65.84
25211,-46.09,-90.81
25219,-58.37,-116.22
25233,-70.40,-140.91
25240,-81.47,-164.41
25252,-91.81,-185.09
25255,-100.69,-204.84
25260,-108.50,-221.84
25259,-115.00,-235.81
25257,-119.84,-246.53
25252,-123.00,-254.06
25255,-124.75,-258.53
25251,-125.12,-260.47
25260,-125.12,-260.66
25261,-124.87,-259.31
25268,-124.87,-258.59
25269,-125.12,-258.91
25273,-126.12,-260.22
25274,-127.87,-263.00
25285,-130.59,-267.12
25287,-134.06,-272.97
25296,-137.50,-279.16
25295,-140.65,-285.94
25304,-144.03,-293.41
25309,-147.87,-301.69
25318,-152.31,-310.91
25323,-157.22,-320.44
25327,-161.22,-329.00
25320,-164.03,-334.75
25319,-165.59,-338.19
25311,-166.28,-339.59
25311,-165.84,-338.12
25308,-164.40,-335.41
25311,-162.22,-332.84
25320,-160.53,-330.31
25319,-158.25,-326.69
25304,-155.00,-320.06
25283,-149.25,-308.12
25240,-139.19,-286.69
25199,-124.06,-255.03
25151,-103.44,-212.25
25119,-78.62,-159.19
25090,-49.25,-99.03
25080,-18.97,-37.38
25072,10.19,21.03
25078,35.72,71.59
25081,55.31,110.53
25093,68.13,136.53
25102,73.69,149.31
25114,73.75,149.75
25120,69.41,142.31
25125,63.22,130.69
25127,55.85,117.91
25132,48.66,104.59
25140,40.91,90.50
25148,33.69,75.78
25156,26.69,60.69
25172,19.22,45.84
25185,10.94,29.59
25199,1.60,10.72
25214,-9.31,-11.75
25225,-20.87,-35.78
25229,-31.84,-58.09
25220,-40.59,-75.12
25200,-45.78,-84.91
25183,-46.81,-87.38
25170,-44.56,-82.78
25157,-38.97,-71.09
25151,-30.78,-53.91
25149,-21.03,-34.59
25153,-11.34,-16.47
25160,-3.75,-3.47
25172,-0.22,2.06
25188,-0.81,-1.06
25206,-5.31,-12.94
25226,-13.87,-33.09
25245,-25.50,-58.81
25266,-39.94,-88.84
25280,-55.50,-120.88
25296,-72.06,-154.28
25303,-87.84,-187.53
25319,-103.53,-219.28
25329,-118.06,-248.78
25341,-131.50,-275.28
25351,-143.72,-299.97
25360,-154.31,-320.81
25368,-164.09,-341.00
25385,-173.90,-359.91
25387,-183.03,-377.66
25399,-191.56,-394.50
25405,-199.53,-410.34
25416,-207.31,-424.44
25413,-213.37,-436.28
25417,-218.78,-446.66
25418,-223.28,-454.19
25413,-224.97,-456.81
25392,-223.78,-453.66
25367,-218.00,-441.53
25331,-207.00,-418.38
25292,-189.84,-383.03
25245,-167.34,-337.59
25213,-140.50,-283.78
25179,-109.50,-223.03
25162,-77.25,-160.34
25144,-45.62,-98.56
25138,-16.62,-41.41
25132,8.38,7.19
25137,27.69,43.88
25132,41.60,69.16
25134,51.13,87.22
25124,57.60,99.91
25110,63.63,112.97
25083,70.72,128.31
25069,78.78,145.66
25056,87.66,163.84
25061,96.47,182.28
25064,104.19,199.44
25081,109.97,211.59
25096,112.60,216.66
25119,110.56,212.16
25135,103.19,196.44
25158,91.22,171.50
25175,75.60,139.50
25192,58.60,104.62
25198,41.38,69.78
25206,25.44,36.97
25214,10.47,7.66
25218,-2.00,-18.25
25222,-12.87,-40.09
25224,-21.00,-58.03
25226,-27.19,-72.06
25237,-32.59,-84.59
25244,-38.06,-96.91
25254,-43.75,-109.62
25263,-49.50,-122.75
25274,-56.09,-136.03
25277,-62.50,-148.94
25284,-69.50,-162.00
25287,-76.56,-173.69
25288,-82.31,-183.44
25285,-86.78,-190.59
25287,-90.22,-196.19
25296,-93.62,-201.34
25308,-97.12,-207.62
25322,-101.97,-215.34
25336,-107.65,-225.25
25344,-113.94,-237.59
25354,-121.28,-251.94
25355,-129.06,-266.94
25358,-136.90,-282.31
25368,-144.81,-297.44
25375,-152.03,-311.78
25379,-157.94,-325.16
25391,-163.56,-337.06
25394,-168.50,-346.34
25384,-170.90,-351.19
25361,-170.28,-349.50
25330,-165.44,-337.94
25285,-153.75,-313.38
25239,-135.53,-275.12
25192,-111.09,-224.56
25156,-80.81,-163.00
25127,-46.78,-94.72
25106,-11.65,-24.09
25092,22.06,42.09
25094,51.41,98.62
25099,74.25,141.84
25109,89.91,169.72
25122,97.94,184.50
25134,99.91,187.28
25146,96.72,179.53
25162,88.94,163.47
25169,78.60,142.28
25187,66.35,116.91
25205,52.56,89.47
25220,38.28,62.00
25224,25.22,34.88
25231,12.88,8.97
25241,0.91,-14.84
25242,-9.09,-36.59
25247,-18.78,-55.28
25249,-26.40,-69.09
25254,-32.31,-80.03
25259,-36.94,-88.66
25262,-41.37,-96.94
25267,-45.53,-104.78
25273,-49.15,-112.06
25279,-53.37,-118.78
25283,-57.44,-126.72
25287,-61.72,-135.72
25297,-66.59,-145.50
25305,-71.81,-155.97
25314,-77.75,-166.84
25321,-83.87,-177.16
25319,-88.97,-186.50
25317,-93.03,-194.78
25319,-96.78,-202.09
25322,-100.37,-209.34
25328,-103.47,-215.44
25331,-105.87,-221.19
25341,-108.40,-226.56
25345,-110.56,-233.12
25355,-114.19,-241.50
25359,-118.50,-252.31
25368,-123.69,-265.03
25380,-129.94,-278.91
25391,-136.75,-294.53
25401,-144.40,-311.31
25414,-152.37,-329.31
25428,-161.53,-347.53
25436,-170.34,-366.12
25450,-180.37,-384.94
25452,-189.44,-401.62
25444,-195.94,-412.78
25416,-197.50,-414.88
25381,-193.44,-404.31
25329,-181.25,-377.97
25279,-161.15,-336.09
25227,-133.75,-279.28
25191,-100.31,-210.69
25160,-63.00,-135.50
25147,-25.37,-59.56
25132,10.31,10.81
25134,41.13,71.59
25135,65.03,118.41
25144,81.38,150.09
25150,90.35,166.28
25164,93.00,169.84
25176,90.25,163.75
25187,84.53,150.69
25198,75.63,133.47
25214,65.00,112.91
25223,53.50,90.75
25238,41.31,67.03
25248,28.75,42.97
25259,16.66,20.12
25268,5.03,-1.28
25275,-6.00,-21.25
25283,-16.59,-40.84
25299,-27.06,-59.50
25312,-37.97,-79.03
25320,-47.90,-97.41
25333,-58.15,-114.38
25326,-66.06,-129.34
25321,-72.15,-140.06
25310,-75.97,-146.69
25303,-77.84,-148.25
25293,-76.47,-146.56
25298,-74.12,-141.62
25302,-71.28,-135.12
25308,-67.59,-128.16
25308,-64.81,-121.88
25315,-63.56,-119.66
25318,-64.03,-120.72
25323,-66.03,-126.25
25333,-70.53,-135.38
25347,-76.09,-147.16
25357,-82.34,-160.59
25367,-89.06,-175.94
25380,-97.34,-191.91
25372,-103.69,-205.62
25364,-108.62,-216.34
25355,-111.75,-223.00
25350,-112.97,-225.84
25346,-111.94,-225.69
25352,-110.44,-223.50
25357,-108.31,-219.34
25365,-105.56,-216.47
25376,-105.22,-217.12
25393,-108.00,-223.78
25408,-113.78,-235.88
25416,-121.12,-251.25
25407,-127.78,-264.47
25385,-130.87,-270.84
25348,-128.69,-266.28
25303,-119.90,-247.28
25254,-103.69,-212.91
25208,-79.72,-164.06
25179,-50.44,-104.62
25160,-18.03,-39.28
25153,13.88,25.91
25149,43.25,84.19
25154,67.16,131.88
25308,65.97,130.19
25315,57.81,114.38
25318,43.60,87.09
25323,25.25,50.53
25333,3.44,7.50
25206,-3.22,-5.56
25215,-11.44,-21.53
25227,-20.47,-38.97
25245,-12.40,-23.53
25259,-5.31,-10.59
25273,0.35,-1.03
25288,4.72,6.84
25297,9.16,13.78
25312,-4.15,-14.59
25322,-17.50,-42.34
25335,-30.87,-70.66
25340,-42.50,-96.72
25349,-53.40,-120.06
25351,-62.72,-139.72
25351,-70.09,-156.22
25347,-75.78,-167.72
25340,-78.69,-174.38
25334,-79.56,-175.97
25332,-78.53,-173.81
25330,-76.65,-168.28
25328,-73.40,-162.31
25331,-70.31,-156.62
25339,-68.25,-151.12
25342,-67.06,-148.78
25355,-68.40,-151.22
25361,-71.22,-157.53
25369,-75.28,-166.88
25375,-80.31,-178.66
25388,-87.19,-191.72
25393,-94.25,-205.19
25399,-101.00,-219.66
25406,-108.19,-233.53
25409,-114.06,-246.16
25412,-119.53,-258.19
25420,-124.97,-270.75
25432,-131.09,-284.22
25445,-137.15,-298.56
25456,-143.94,-313.94
25469,-151.53,-330.19
25484,-160.06,-347.91
25493,-169.28,-366.62
25507,-179.81,-386.69
25516,-190.37,-406.34
25515,-199.22,-423.34
25506,-205.25,-434.47
25482,-206.84,-436.00
25446,-202.31,-425.50
25405,-190.84,-400.59
25361,-172.81,-361.38
25321,-148.15,-309.47
25280,-117.47,-246.88
25259,-84.53,-178.66
25239,-50.50,-109.09
25230,-18.59,-44.09
25228,8.78,11.12
25235,29.97,53.41
25244,44.35,81.47
25253,52.47,96.44
25264,54.06,100.03
25274,51.75,94.75
25288,45.22,81.75
25300,36.10,62.59
25318,24.56,39.22
25339,11.38,11.66
25364,-3.72,-19.19
25384,-20.06,-52.16
25401,-37.03,-86.72
25412,-54.00,-120.78
25419,-69.94,-152.84
25418,-84.12,-181.09
25421,-96.31,-205.53
25418,-105.44,-224.88
25424,-112.09,-239.06
25426,-116.44,-248.78
25432,-119.37,-254.94
25432,-120.90,-259.53
25440,-122.56,-262.94
25438,-124.09,-267.72
25445,-126.12,-272.44
25450,-129.09,-278.78
25461,-132.69,-286.56
25468,-136.87,-296.66
25482,-142.03,-308.66
25495,-148.78,-323.31
25511,-156.47,-339.84
25517,-165.09,-356.75
25521,-173.25,-372.78
25521,-180.75,-387.78
25525,-187.31,-401.19
25529,-193.44,-412.34
25538,-198.90,-421.53
25545,-203.56,-429.03
25555,-207.44,-436.84
25561,-211.28,-444.97
25575,-216.34,-455.66
25582,-222.25,-467.66
25595,-229.22,-481.66
25605,-236.87,-497.56
25616,-244.72,-514.97
25625,-252.75,-532.97
25632,-260.34,-549.59
25634,-267.37,-564.72
25630,-272.12,-574.69
25607,-273.06,-577.56
25572,-268.00,-567.44
25521,-255.37,-542.00
25467,-234.72,-499.03
25404,-205.22,-438.78
25356,-169.09,-365.66
25321,-128.62,-285.22
25313,-87.97,-203.19
25303,-49.25,-125.56
25306,-15.59,-58.06
25309,11.03,-5.47
25321,29.22,29.19
25334,37.72,44.81
25356,37.44,44.72
25371,30.91,32.62
25389,21.16,11.84
25402,8.60,-13.62
25420,-5.72,-42.88
25434,-21.28,-74.78
25454,-37.75,-108.91
25477,-55.31,-143.91
25499,-72.75,-180.75
25517,-90.44,-217.19
25532,-107.59,-253.19
25544,-124.47,-287.44
25549,-139.59,-319.91
25552,-153.25,-348.75
25558,-165.03,-373.22
25561,-174.22,-393.09
25566,-181.19,-407.47
25567,-185.97,-416.72
25566,-188.72,-422.38
25563,-189.59,-424.00
25560,-189.47,-422.34
25554,-188.19,-418.06
25551,-185.81,-412.47
25554,-183.44,-405.31
25554,-180.50,-398.69
25558,-177.94,-393.00
25557,-175.40,-385.62
25546,-171.87,-377.28
25540,-168.00,-367.03
25529,-163.53,-355.88
25525,-158.97,-343.91
25519,-153.31,-332.16
25523,-148.19,-319.62
25523,-142.62,-307.06
25528,-137.84,-296.72
25534,-135.25,-290.09
25540,-134.15,-288.88
25549,-135.59,-290.81
25552,-137.87,-295.88
25555,-141.28,-302.25
25564,-145.28,-310.47
25572,-150.25,-319.50
25573,-154.69,-329.44
25572,-158.19,-336.56
25561,-159.56,-338.50
25534,-156.40,-332.53
25495,-148.03,-314.97
25450,-133.72,-284.06
25399,-112.03,-239.41
25350,-83.37,-182.22
25314,-50.31,-115.66
25290,-14.65,-44.47
25276,21.10,26.38
25267,54.31,91.91
25269,82.13,147.28
25270,103.97,187.97
25278,118.28,214.34
25294,124.31,226.00
25303,124.69,227.09
25312,120.94,219.16
25323,114.10,204.53
25341,103.91,183.78
25359,91.85,158.56
25376,77.85,130.78
25395,62.60,100.75
25412,47.35,69.06
25433,30.72,36.25
25448,13.47,2.47
25461,-3.87,-30.81
25470,-19.97,-64.06
25490,-36.19,-95.81
25497,-51.00,-125.41
25505,-64.34,-151.66
25505,-75.44,-172.94
25508,-84.22,-189.69
25501,-90.15,-202.19
25504,-94.81,-211.31
25502,-98.03,-216.50
25507,-99.37,-219.12
25506,-99.72,-219.88
25512,-99.81,-220.25
25511,-99.78,-221.62
25521,-100.59,-224.47
25522,-102.44,-229.53
25531,-105.00,-236.19
25535,-108.28,-244.19
25547,-112.40,-253.38
25550,-117.00,-264.09
25559,-121.94,-275.47
25559,-126.94,-287.75
25570,-132.06,-299.56
25571,-137.12,-311.31
25584,-142.65,-323.06
25590,-148.40,-334.97
25599,-153.72,-346.91
25606,-159.50,-358.75
25617,-165.47,-370.91
25620,-171.78,-382.06
25625,-177.28,-393.53
25625,-182.62,-402.75
25622,-185.90,-409.16
25609,-186.78,-410.50
25584,-183.44,-401.97
25528,-172.22,-377.66
25453,-150.34,-330.25
25353,-115.75,-256.75
25253,-68.31,-157.31
25163,-10.00,-38.06
25103,54.94,93.97
25062,122.88,231.22
25039,190.03,365.62
25027,251.13,487.72
25033,301.63,587.19
25040,338.31,657.88
25061,359.60,698.12
25075,367.72,713.06
25097,365.53,708.75
25110,356.60,691.44
25129,342.50,663.78
25146,324.91,630.47
25155,307.06,595.31
25164,289.13,561.56
25176,272.44,529.81
25186,256.38,499.81
25202,241.19,470.56
25215,226.13,441.69
25233,211.31,414.28
25238,198.13,388.59
25239,186.03,365.47
25238,175.28,344.16
25242,165.63,325.03
25246,156.81,308.19
25252,149.31,293.47
25262,142.25,280.88
25266,136.97,269.25
25276,131.13,257.47
25283,124.56,244.41
25292,116.81,229.44
25297,109.00,212.97
25306,100.63,195.25
25315,91.97,177.06
25319,84.13,159.62
25327,75.85,142.34
25331,68.35,126.34
25339,60.81,110.09
25347,53.47,94.72
25352,46.19,79.97
25357,39.44,64.97
25365,32.85,50.94
25373,25.81,35.78
25382,18.72,21.00
25385,11.81,6.06
25393,4.97,-8.72
25398,-1.47,-24.62
25412,-8.97,-40.56
25422,-17.03,-57.12
25430,-25.00,-74.41
25440,-33.15,-92.31
25452,-41.62,-109.81
25451,-49.53,-125.81
25441,-55.15,-136.56
25416,-56.97,-138.72
25383,-52.87,-129.59
25337,-41.81,-105.31
25292,-24.22,-66.84
25246,0.22,-14.91
25212,30.22,47.06
25187,62.97,113.94
25176,95.60,181.16
25169,125.72,242.56
25172,151.10,293.75
25177,169.88,330.41
25189,181.38,352.00
25200,185.66,359.53
25217,183.53,355.28
25225,177.31,342.44
25240,167.91,322.94
25245,157.06,299.59
25261,144.66,273.19
25273,131.50,245.12
25296,117.06,216.31
25301,103.50,186.97
25321,89.69,157.50
25328,76.10,128.62
25344,62.47,100.09
25349,48.97,72.56
25364,35.72,46.59
25363,24.19,22.84
25372,14.50,2.53
25372,5.53,-14.12
25375,-1.28,-27.78
25374,-7.00,-38.44
25380,-11.44,-46.50
25378,-14.97,-52.88
25381,-16.97,-57.06
25384,-19.47,-60.09
25392,-21.81,-63.75
25396,-24.65,-68.09
25401,-27.72,-73.28
25407,-31.62,-80.94
25414,-35.62,-89.28
25419,-40.47,-97.19
25423,-45.40,-106.03
25423,-49.90,-115.56
25433,-54.62,-125.38
25433,-58.81,-135.75
25442,-63.44,-146.44
25448,-68.06,-156.53
25456,-72.75,-167.66
25467,-78.15,-180.19
25473,-83.78,-193.62
25484,-90.75,-208.31
25498,-98.15,-223.66
25509,-106.87,-240.88
25522,-116.03,-258.94
25529,-125.22,-276.97
25537,-134.34,-294.00
25532,-141.40,-307.78
25524,-146.65,-316.19
25501,-147.59,-315.66
25466,-142.40,-303.50
25424,-130.62,-276.56
25377,-111.47,-235.47
25331,-85.84,-181.22
25294,-54.78,-116.03
25264,-20.84,-45.50
25244,14.35,26.34
25226,48.60,94.38
25231,77.60,153.12
25229,101.35,199.16
25242,117.41,231.19
25250,126.60,249.34
25258,130.06,256.09
25259,129.66,254.69
25260,126.60,248.03
25264,120.85,237.78
25269,115.13,225.38
25276,108.31,212.06
25289,101.60,198.12
25301,94.41,183.28
25318,86.16,165.94
25331,76.47,146.22
25345,65.25,123.56
25354,53.47,98.84
25363,41.28,73.94
25370,29.22,49.34
25375,18.22,26.94
25379,8.35,7.34
25378,0.78,-9.09
25378,-5.09,-21.75
25377,-9.06,-29.97
25371,-11.12,-34.12
25368,-11.65,-34.62
25362,-10.56,-32.47
25361,-8.72,-28.97
25361,-6.40,-25.12
25364,-4.59,-21.03
25369,-3.44,-18.12
25373,-2.90,-17.22
25380,-4.00,-18.81
25387,-6.34,-23.78
25395,-10.40,-30.97
25404,-15.69,-41.22
25250,-1.69,-11.88
25258,11.56,16.59
25259,25.22,44.84
25260,39.13,73.59
25264,53.31,102.88
25459,43.88,83.81
25467,34.50,63.75
25480,24.72,43.75
25487,-5.12,-17.72
25492,-34.34,-78.34
25490,-62.94,-138.09
25495,-91.78,-196.97
25495,-119.90,-255.91
25501,-124.19,-265.00
25494,-126.56,-270.25
25481,-125.69,-268.97
25451,-120.15,-257.56
25411,-109.06,-235.38
25360,-91.97,-199.88
25309,-68.00,-151.66
25266,-38.84,-91.81
25231,-4.78,-23.69
25212,30.50,48.25
25202,65.13,118.25
25200,95.97,180.53
25201,121.47,232.34
25205,139.88,269.50
25212,150.88,292.09
25217,155.81,301.62
25225,155.31,301.47
25234,151.35,293.19
25237,145.78,281.47
25245,139.00,267.84
25252,131.50,253.06
25259,123.72,237.53
25267,115.88,221.00
25282,106.81,202.62
25297,96.97,182.50
25310,86.69,161.03
25324,75.10,137.97
25328,64.10,113.88
25340,52.60,89.09
25345,41.41,65.25
25349,30.81,43.47
25355,21.44,24.12
25359,13.50,7.94
25359,7.25,-3.88
25359,2.81,-11.97
25352,-0.19,-16.25
25351,-1.56,-17.50
25350,-2.15,-17.59
25354,-2.75,-17.69
25357,-2.97,-17.31
25368,-4.06,-17.81
25374,-5.90,-20.53
25381,-8.59,-25.47
25388,-13.03,-33.38
25394,-18.31,-43.22
25397,-24.06,-54.38
25406,-30.37,-66.19
25411,-36.90,-78.03
25413,-42.25,-88.66
25415,-47.03,-97.94
25422,-51.78,-106.91
25430,-56.62,-116.69
25440,-61.90,-127.00
25446,-67.53,-137.50
25454,-73.00,-148.66
25460,-78.53,-161.09
25471,-85.15,-174.69
25474,-91.84,-188.94
25485,-98.97,-203.69
25490,-105.65,-218.19
25496,-111.81,-232.19
25498,-117.40,-244.56
25492,-121.22,-251.97
25463,-120.62,-250.19
25422,-113.53,-236.31
25371,-99.75,-207.78
25311,-77.22,-162.50
25260,-47.87,-102.06
25219,-12.87,-31.38
25193,25.35,45.38
25181,64.03,122.38
25175,99.53,192.88
25177,129.38,251.47
25183,151.85,295.34
25188,166.00,322.75
25191,173.31,335.66
25193,175.16,337.34
25208,171.88,331.12
25216,166.13,319.84
25223,158.78,306.06
25234,150.38,289.97
25250,140.78,271.50
25264,130.16,250.31
25284,117.47,226.06
25299,103.28,199.75
25313,89.35,171.53
25329,74.50,141.66
25341,59.16,111.00
25353,43.81,80.62
25365,29.10,51.88
25375,15.00,24.84
25380,2.91,1.03
25385,-7.84,-19.84
25387,-17.03,-37.69
25386,-24.03,-52.75
25390,-29.97,-65.69
25388,-34.09,-74.78
25386,-36.44,-81.56
25385,-37.40,-85.53
25387,-38.00,-88.34
25389,-38.22,-91.03
25393,-38.65,-94.03
25400,-40.09,-97.66
25407,-41.87,-102.75
25419,-45.44,-110.31
25426,-50.06,-120.31
25438,-56.28,-133.09
25445,-63.06,-147.16
25455,-70.78,-162.22
25461,-78.72,-177.31
25467,-86.47,-193.16
25475,-94.28,-208.38
25486,-101.90,-224.31
25496,-109.84,-239.41
25504,-117.22,-254.25
25511,-124.53,-269.22
25522,-131.94,-283.94
25525,-138.87,-298.78
25531,-145.75,-313.62
25540,-152.72,-328.09
25544,-158.72,-341.47
25549,-164.09,-353.97
25544,-167.78,-363.28
25536,-169.56,-367.62
25508,-166.44,-363.44
25473,-158.62,-347.91
25422,-143.75,-316.75
25368,-121.09,-270.47
25316,-91.62,-209.31
25276,-56.75,-137.28
25247,-19.15,-59.53
25230,19.22,18.94
25224,54.56,92.16
25220,85.75,155.28
25224,109.81,203.66
25232,125.94,236.50
25243,134.03,253.47
25255,135.56,256.72
25270,131.60,249.66
25282,124.06,234.91
25293,114.44,216.28
25304,103.03,194.56
25316,90.72,170.62
25331,77.60,144.41
25347,63.97,117.00
25362,50.10,89.56
25371,37.06,62.84
25380,24.50,37.97
25379,13.56,15.78
25375,4.56,-1.84
25367,-1.84,-13.69
25359,-5.31,-19.72
25352,-5.87,-20.31
25348,-4.06,-16.78
25346,-0.90,-8.78
25342,3.88,0.78
25340,8.72,10.91
25336,13.53,20.06
25331,17.91,27.78
25327,21.75,34.69
25310,26.81,44.41
25283,34.72,60.28
25250,46.44,82.81
25225,60.69,111.78
25201,77.56,144.41
25190,95.19,178.38
25191,111.94,211.81
25197,127.31,241.88
25207,139.19,263.72
25228,144.94,273.88
25245,144.41,271.06
25261,138.75,257.53
25275,128.41,235.97
25290,114.88,208.59
25303,99.97,177.94
25317,84.16,146.62
25323,68.97,117.56
25329,55.78,91.38
25335,44.10,68.88
25342,33.60,48.81
25353,23.56,30.78
25361,14.50,14.03
25369,6.13,-0.97
25365,0.10,-13.06
25354,-3.78,-19.84
25329,-3.75,-18.44
25297,1.03,-6.41
25250,12.53,17.66
25207,30.69,54.16
25171,54.22,101.09
25145,81.78,154.66
25129,110.63,210.41
25128,138.00,264.22
25120,163.03,312.22
25124,183.35,350.09
25126,197.38,375.91
25133,205.03,388.88
25142,207.00,390.75
25152,204.47,384.38
25162,198.69,373.06
25178,190.85,355.97
25192,180.31,334.12
25211,168.00,308.84
25233,153.28,280.62
25245,138.06,250.41
25264,121.72,219.91
25277,105.13,189.28
25288,88.53,158.12
25297,72.94,128.47
25305,58.22,101.69
25309,45.50,77.50
25315,34.91,56.62
25321,25.13,38.16
25326,17.16,21.72
25328,10.63,7.28
25334,4.81,-4.53
25339,-0.47,-15.59
25343,-5.19,-26.59
25343,-9.40,-36.91
25347,-13.34,-45.97
25348,-16.59,-53.72
25353,-19.81,-60.03
25353,-22.75,-65.78
25358,-25.59,-71.38
25357,-27.62,-75.56
25362,-29.78,-78.69
25357,-31.28,-81.56
25370,-33.90,-85.69
25376,-37.15,-91.62
25388,-41.25,-99.50
25393,-45.94,-109.22
25407,-51.69,-120.34
25412,-58.15,-132.62
25425,-65.56,-146.44
25431,-74.28,-161.75
25443,-82.81,-178.44
25456,-92.12,-196.66
25477,-102.50,-215.97
25484,-113.06,-235.88
25496,-123.28,-255.59
25504,-133.81,-275.94
25517,-144.25,-296.50
25522,-154.47,-317.00
25526,-163.59,-334.97
25519,-170.19,-347.28
25501,-171.84,-351.00
25467,-168.34,-343.44
25426,-158.25,-321.97
25371,-140.34,-285.12
25324,-115.09,-233.22
25280,-83.94,-169.34
25249,-48.65,-97.38
25223,-11.25,-22.59
25215,24.60,49.09
25210,56.53,112.22
25216,82.35,162.09
25220,100.56,196.53
25229,111.63,215.84
25239,115.85,222.09
25253,114.41,217.69
25261,108.75,205.06
25277,100.13,187.78
25284,90.06,168.03
25297,79.22,145.81
25310,67.35,121.78
25329,54.31,95.94
25342,41.03,69.31
25360,27.35,42.03
25375,12.88,12.84
25405,-3.22,-19.88
25425,-20.81,-56.47
25452,-40.03,-94.66
25459,-58.34,-131.03
25467,-75.12,-166.12
25484,-92.28,-201.06
25493,-108.19,-232.34
25491,-121.84,-258.38
25495,-132.12,-279.31
25496,-139.94,-293.84
25494,-144.06,-302.00
25492,-147.03,-307.34
25494,-149.25,-310.38
25502,-150.31,-310.75
25508,-150.97,-312.88
25519,-153.25,-317.62
25528,-156.15,-323.97
25540,-160.40,-332.88
25547,-165.75,-345.56
25562,-173.19,-361.66
25573,-181.65,-379.62
25582,-190.19,-399.34
25594,-199.40,-420.53
25608,-208.94,-442.41
25621,-218.87,-465.22
25636,-229.12,-489.25
25646,-239.65,-513.22
25659,-249.87,-536.12
25666,-259.50,-557.72
25672,-268.69,-577.75
25677,-276.94,-595.12
25682,-283.97,-609.50
25690,-290.31,-621.75
25696,-295.50,-630.91
25701,-300.03,-638.25
25698,-302.50,-643.25
25696,-303.84,-645.38
25676,-301.90,-640.22
25639,-294.72,-625.34
25586,-280.37,-595.47
25518,-256.65,-545.72
25441,-222.72,-474.22
25368,-179.31,-383.28
25309,-129.25,-279.09
25273,-75.34,-168.34
25250,-21.50,-58.62
25239,28.66,43.97
25236,72.19,132.00
25243,106.00,199.31
25256,128.28,242.34
25273,139.13,262.28
25291,140.28,264.03
25304,135.28,253.28
25316,125.94,234.88
25326,114.06,211.25
25336,100.66,185.06
25346,86.97,157.84
25361,73.16,130.47
25379,59.35,103.78
25393,46.10,78.22
25409,32.60,51.84
25428,18.35,23.69
25443,3.56,-5.25
25458,-11.72,-34.47
25470,-27.12,-63.44
25475,-41.15,-90.81
25482,-53.72,-116.56
25491,-65.53,-140.00
25495,-75.75,-159.00
25495,-83.53,-173.97
25497,-89.59,-184.97
25496,-93.62,-193.22
25499,-96.50,-199.44
25504,-99.37,-204.59
25507,-101.69,-208.34
25506,-102.75,-211.44
25509,-103.65,-215.25
25515,-105.31,-219.41
25520,-107.34,-225.28
25530,-110.75,-233.00
25538,-114.75,-242.25
25546,-119.06,-252.94
25552,-123.75,-264.91
25563,-129.87,-278.28
25569,-136.34,-292.94
25575,-142.75,-307.22
25579,-149.00,-321.00
25584,-154.53,-334.03
25591,-159.90,-346.88
25602,-165.62,-359.47
25614,-172.03,-372.97
25623,-178.15,-387.00
25633,-184.75,-401.25
25643,-191.78,-417.06
25651,-199.25,-434.09
25654,-206.40,-450.00
25655,-212.75,-462.38
25647,-216.69,-469.69
25623,-216.09,-467.44
25579,-208.87,-451.94
25529,-194.19,-419.72
25465,-170.37,-368.47
25497,-149.75,-321.28
25496,-128.81,-274.22
25499,-108.28,-229.41
25504,-89.53,-188.56
25264,-43.94,-94.81
25255,-3.09,-10.56
25255,31.19,59.16
25258,56.81,109.94
25270,84.72,163.69
25284,110.53,213.38
25303,134.13,259.03
25316,156.53,300.84
25338,146.03,278.31
25352,132.75,250.22
25365,117.94,218.09
25378,102.00,183.84
25396,85.44,148.75
25412,68.75,113.44
25434,51.85,78.28
25449,34.81,43.16
25466,18.53,9.69
25474,3.13,-22.00
25483,-11.65,-49.81
25479,-24.19,-74.66
25487,-35.37,-95.56
25488,-44.59,-112.94
25486,-50.75,-124.53
25483,-54.59,-130.94
25486,-56.65,-133.75
25481,-57.06,-134.81
25485,-56.87,-135.25
25486,-57.31,-135.31
25491,-57.34,-134.97
25491,-57.25,-134.38
25493,-57.65,-135.69
25495,-58.69,-139.47
25508,-60.97,-145.75
25513,-64.50,-154.09
25520,-68.34,-163.09
25521,-72.15,-172.91
25532,-76.69,-183.53
25533,-81.31,-194.56
25541,-86.65,-206.00
25545,-92.22,-217.09
25560,-97.97,-229.09
25565,-103.69,-240.00
25571,-109.22,-250.84
25572,-114.72,-260.34
25570,-118.56,-269.12
25569,-122.12,-275.97
25576,-125.53,-281.38
25577,-128.53,-285.62
25587,-130.90,-288.72
25594,-133.47,-292.28
25605,-136.65,-297.44
25604,-139.56,-301.81
25596,-141.69,-302.78
25563,-139.81,-296.50
25518,-131.44,-277.75
25452,-114.75,-242.03
25386,-88.69,-186.34
25319,-53.59,-113.38
25277,-12.19,-26.84
25239,33.53,66.12
25225,79.63,159.59
25218,122.13,244.94
25223,158.03,316.47
25228,184.75,368.94
25240,201.53,399.75
25254,208.03,411.19
25268,207.50,406.91
25285,200.10,390.91
25303,188.75,366.66
25311,175.63,338.88
25329,160.97,307.78
25342,145.44,275.06
25362,129.00,240.72
25369,113.60,207.03
25386,97.94,174.75
25387,84.41,145.97
25389,72.97,121.28
25386,63.00,101.19
25387,55.22,86.00
25383,49.66,74.81
25388,46.03,68.22
25385,43.66,64.81
25387,43.19,63.16
25382,43.47,63.41
25383,43.88,64.66
25381,44.16,65.38
25380,44.69,65.88
25379,44.85,66.97
25379,45.60,68.06
25377,46.25,69.41
25382,46.50,70.59
25388,45.38,69.66
25394,43.63,65.59
25403,40.50,59.56
25413,36.06,50.44
25424,30.13,38.41
25431,23.38,23.97
25445,14.69,6.88
25455,5.44,-11.81
25460,-3.62,-30.59
25464,-12.34,-47.72
25464,-19.84,-63.97
25472,-27.06,-78.31
25476,-33.34,-91.16
25480,-39.19,-103.44
25491,-44.62,-115.22
25502,-50.12,-126.53
25510,-55.97,-139.00
25518,-62.25,-153.25
25525,-69.37,-168.62
25532,-76.31,-184.41
25537,-83.31,-199.56
25531,-89.03,-210.97
25515,-91.34,-215.91
25484,-88.37,-209.69
25433,-78.03,-188.03
25377,-59.78,-147.66
25313,-32.81,-90.12
25253,2.31,-17.16
25207,43.53,66.47
25180,87.06,155.56
25162,130.50,242.69
25164,169.47,321.12
25170,200.97,384.31
25178,224.22,428.12
25187,238.16,453.34
25197,243.25,462.09
25203,241.81,457.78
25213,235.75,443.88
25220,226.63,424.69
25231,216.44,401.91
25247,205.10,377.81
25264,192.72,353.16
25273,180.44,328.19
25290,167.38,301.94
25306,153.16,274.66
25317,138.94,247.47
25324,124.81,220.75
25332,111.19,195.50
25338,98.91,171.44
25352,87.10,148.44
25361,75.41,125.75
25372,64.56,104.88
25379,54.94,87.28
25378,46.88,72.34
25370,40.75,61.41
25368,35.91,53.28
25360,32.88,49.09
25360,31.63,47.56
25360,31.50,48.69
25369,31.63,51.16
25366,33.00,53.50
25373,33.38,55.31
25371,33.00,54.84
25376,31.75,52.41
25384,28.50,46.12
25396,23.78,36.53
25406,17.85,24.50
25419,11.44,9.56
25425,3.97,-6.66
25437,-4.06,-23.84
25436,-12.15,-41.38
25440,-20.06,-58.66
25441,-27.03,-73.81
25447,-33.19,-86.88
25448,-38.19,-98.19
25455,-42.37,-106.78
25454,-45.69,-113.69
25455,-47.59,-119.28
25453,-49.34,-123.72
25459,-51.31,-128.00
25458,-53.03,-131.72
25462,-54.50,-134.53
25453,-54.69,-135.19
25441,-52.50,-130.84
25407,-46.19,-118.03
25369,-35.06,-94.72
25314,-17.40,-58.22
25261,7.47,-7.75
25209,38.56,54.69
25173,74.38,126.50
25142,112.66,204.22
25122,151.63,282.34
25107,187.91,355.09
25105,219.41,417.38
25105,243.78,465.16
25117,259.85,497.06
25123,268.50,513.59
25141,270.38,517.88
25154,266.72,510.62
25173,258.22,494.28
25187,246.16,469.69
25213,230.69,439.94
25229,213.35,405.44
25255,194.38,367.94
25270,174.44,328.97
25286,154.91,289.19
25299,135.53,250.62
25309,117.44,213.88
25312,100.88,181.91
25309,88.06,155.31
25300,78.47,136.56
25292,73.22,125.22
25283,71.00,119.97
25281,71.06,120.53
25271,74.00,125.06
25272,78.03,133.56
25268,82.91,143.25
25267,87.50,152.88
25269,90.69,158.78
25279,91.60,161.91
25282,91.00,160.88
25296,88.38,155.34
25303,83.66,147.09
25317,77.38,134.03
25332,68.75,116.59
25347,58.19,94.03
25363,45.97,69.53
25373,33.85,44.34
25371,22.44,22.09
25367,13.41,3.78
25354,6.94,-9.88
25340,4.00,-16.28
25323,5.10,-15.03
25312,9.44,-5.78
25305,16.60,7.75
25310,24.35,22.19
25319,30.66,34.28
25334,34.53,42.38
25350,34.75,43.41
25365,31.35,36.41
25380,23.97,22.00
25386,14.53,3.06
25386,4.31,-16.31
25378,-4.22,-31.44
25352,-8.31,-38.31
25317,-6.12,-32.75
25266,4.44,-9.72
25209,23.91,32.12
25159,51.35,90.25
25118,84.44,159.03
25093,120.38,233.62
25079,156.78,306.75
25077,189.91,373.16
25089,216.88,427.28
25095,236.50,466.72
25100,248.22,489.47
25110,252.35,496.78
25125,249.44,491.44
25138,241.81,476.12
25150,231.00,455.94
25159,218.91,432.81
25175,206.41,408.12
25191,192.75,379.88
25213,177.10,348.59
25230,160.69,315.44
25249,143.91,281.78
25268,126.50,247.41
25278,109.50,213.31
25285,92.88,180.22
25290,77.78,150.25
25295,64.16,123.41
25302,52.50,99.69
25306,42.60,79.50
25303,35.50,64.25
25288,32.72,57.34
25270,33.44,58.00
25250,37.53,65.53
25239,43.60,77.91
25229,51.50,93.78
25231,59.97,111.41
25235,68.35,128.03
25247,74.81,140.25
25263,77.35,144.28
25287,74.60,138.25
25304,67.25,122.28
25327,55.72,98.03
25346,40.66,67.12
25358,24.47,33.56
25366,7.91,1.53
25369,-7.40,-27.62
25369,-20.59,-53.16
25374,-31.28,-73.97
25378,-40.28,-90.12
25385,-47.22,-102.28
25390,-52.34,-110.84
25397,-56.81,-118.19
25402,-60.84,-125.84
25406,-65.00,-133.94
25409,-69.47,-142.25
25419,-74.56,-152.09
25421,-79.34,-162.38
25423,-83.47,-171.94
25412,-85.56,-176.81
25388,-83.75,-174.03
25351,-76.72,-160.53
25300,-62.84,-133.38
25248,-42.22,-91.81
25197,-14.12,-35.97
25157,19.00,30.81
25124,56.25,103.94
25108,93.81,178.25
25100,129.06,248.19
25095,160.03,308.97
25099,183.88,356.38
25104,200.41,388.91
25114,209.19,406.28
25123,211.75,411.66
25134,208.78,407.12
25145,202.50,395.50
25155,194.00,379.22
25163,183.94,359.44
25178,172.60,337.31
25192,160.22,312.97
25208,147.19,287.09
25225,133.28,259.16
25242,118.72,230.06
25255,104.00,200.47
25268,89.06,170.00
25280,73.75,139.50
25285,59.78,109.38
25295,46.41,82.00
25299,34.66,58.09
25300,25.00,38.00
25302,17.31,22.09
25301,11.44,10.03
25297,7.72,3.06
25294,5.91,-0.59
25294,4.72,-0.22
25289,5.44,1.81
25288,6.78,5.31
25287,8.35,8.53
25298,8.78,10.69
25308,7.85,10.22
25318,5.16,6.16
25327,0.97,-0.88
25337,-4.40,-11.00
25343,-11.12,-23.81
25349,-18.69,-38.50
25355,-27.03,-54.06
25358,-34.31,-69.75
25372,-42.06,-84.81
25381,-49.62,-98.91
25389,-56.97,-112.75
25395,-63.75,-125.47
25395,-69.75,-137.34
25400,-75.56,-148.75
25407,-81.47,-159.69
25411,-87.47,-169.91
25418,-92.50,-180.78
25427,-97.50,-191.31
25427,-101.47,-200.16
25418,-103.53,-205.81
25391,-102.19,-202.91
25346,-94.62,-187.16
25281,-78.12,-154.16
25215,-53.00,-104.28
25156,-19.84,-38.34
25114,19.44,39.19
25082,62.41,123.25
25069,105.53,208.53
25061,145.94,287.62
25057,180.91,355.56
25060,207.10,406.22
25068,223.81,437.97
25081,231.41,452.47
25092,232.31,453.25
25110,226.94,443.50
25123,218.38,425.69
25138,207.00,402.53
25157,192.85,374.06
25175,176.94,342.06
25193,159.91,308.31
25209,142.63,273.47
25228,124.50,238.03
25243,106.91,203.25
25395,72.03,136.88
25395,39.35,73.53
25400,8.66,13.84
25407,-20.40,-42.25
25262,-28.87,-57.66
25260,-35.03,-67.81
25260,-38.78,-73.28
25257,-40.22,-74.81
25252,-22.03,-39.59
25250,-3.75,-3.03
25252,14.78,33.09
25259,33.16,68.31
25271,31.78,65.12
25278,29.28,57.47
25294,24.81,46.25
25305,18.60,31.50
25313,10.85,13.38
25322,1.75,-7.75
25331,-8.12,-29.56
25343,-18.56,-51.69
25355,-28.90,-73.75
25360,-38.90,-93.91
25370,-48.09,-111.78
25367,-55.47,-126.66
25371,-62.28,-138.25
25369,-67.65,-146.88
25374,-72.50,-154.06
25376,-76.06,-160.59
25386,-79.34,-166.56
25393,-82.84,-172.72
25406,-86.69,-181.69
25416,-92.09,-193.34
25431,-98.87,-207.56
25430,-105.69,-223.03
25428,-111.59,-236.12
25406,-114.44,-242.47
25378,-112.53,-238.91
25331,-103.87,-222.00
25273,-86.40,-186.75
25212,-60.22,-133.50
25164,-26.34,-65.94
25120,12.60,11.72
25101,53.38,92.88
25085,93.06,172.25
25086,128.85,244.38
25083,158.81,305.06
25088,180.66,348.88
25092,194.22,375.44
25109,199.53,385.56
25128,196.94,381.84
25146,189.72,369.16
25154,179.60,350.06
25166,168.16,328.50
25171,155.81,304.72
25180,143.06,280.41
25189,129.78,255.19
25205,116.75,230.41
25217,104.72,206.56
25237,92.50,182.16
25255,79.13,157.22
25266,65.97,130.72
25274,52.56,104.94
25279,39.78,80.47
25279,28.22,58.31
25285,18.00,39.59
25286,9.22,23.28
25289,2.66,10.84
25291,-1.87,1.38
25290,-4.84,-5.00
25286,-6.31,-8.47
25284,-6.90,-9.50
25275,-6.37,-8.53
25272,-4.72,-6.09
25269,-2.56,-2.53
25276,-0.90,0.62
25276,1.00,2.88
25284,1.75,3.22
25296,0.50,-0.06
25303,-1.87,-6.19
25303,-5.34,-14.16
25307,-9.65,-23.91
25311,-14.81,-34.97
25320,-20.19,-47.19
25328,-26.53,-59.94
25342,-33.59,-73.84
25348,-39.84,-87.25
25353,-45.78,-99.69
25353,-51.65,-111.38
25354,-57.12,-122.88
25358,-62.56,-132.66
25360,-67.06,-141.97
25367,-71.40,-149.34
25363,-73.44,-151.91
25347,-72.72,-149.19
25317,-67.62,-137.75
25279,-57.84,-115.66
25222,-40.87,-79.34
25163,-16.15,-28.56
25112,14.97,35.66
25072,51.72,109.50
25043,91.28,188.12
25026,130.69,266.62
25019,166.91,338.12
25017,198.31,398.03
25020,221.97,442.59
25019,238.19,472.53
25017,248.16,491.25
25018,252.94,499.31
25021,253.69,500.09
25026,251.66,495.47
25033,247.88,486.38
25048,242.03,474.38
25063,234.72,458.84
25081,225.10,439.44
25093,213.78,416.06
25109,200.69,390.00
25122,186.44,361.00
25133,171.56,331.00
25142,156.56,302.34
25150,142.56,275.78
25153,130.19,253.44
25150,120.50,235.53
25145,113.03,221.28
25148,107.25,211.00
25147,103.28,204.81
25143,101.22,201.66
25142,100.41,200.06
25142,100.60,199.47
25146,100.66,198.50
25151,99.75,195.41
25159,97.22,189.97
25163,94.56,182.31
25168,91.19,172.84
25176,86.31,161.72
25177,81.25,150.53
25177,76.22,140.22
25171,72.47,133.09
25163,70.38,129.41
25163,69.31,127.34
25166,68.38,126.09
25179,66.44,123.84
25186,64.66,120.97
25196,61.78,115.88
25209,57.28,108.06
25217,51.10,96.44
25227,42.69,80.66
25233,33.60,64.41
25232,25.10,49.75
25236,17.78,37.22
25235,11.53,26.69
25233,6.81,20.22
25218,5.66,19.06
25197,8.10,25.69
25167,15.53,42.25
25131,28.16,68.78
25086,46.19,105.00
25050,69.06,150.16
25025,94.75,200.94
25013,121.47,253.22
25008,146.75,303.06
25009,169.10,346.50
25013,187.00,381.09
25018,199.63,404.16
25027,205.38,415.28
25032,205.97,415.72
25036,202.94,409.53
25042,197.72,399.25
25044,191.63,386.69
25050,184.97,373.34
25056,178.10,359.09
25065,170.78,344.59
25076,163.31,328.59
25091,154.63,310.59
25105,144.78,289.59
25121,133.72,266.41
25125,122.53,243.66
25132,111.28,221.09
25131,101.03,200.34
25131,91.97,182.50
25127,84.85,168.28
25128,79.56,157.94
25134,75.28,151.19
25137,72.69,146.47
25145,69.60,141.66
25153,66.41,135.00
25160,62.25,127.16
25162,57.91,118.66
25155,53.94,111.72
25150,50.75,106.31
25146,48.85,102.47
25144,47.60,99.91
25152,46.35,97.88
25159,45.22,96.72
25166,44.10,95.09
25172,42.47,92.69
25175,39.63,87.06
25182,35.31,78.38
25190,29.53,66.38
25198,22.53,51.59
25210,15.10,35.16
25220,7.38,17.75
25228,-0.44,-0.03
25236,-8.44,-18.28
25237,-16.09,-35.25
25235,-22.59,-49.72
25237,-28.28,-61.72
25233,-32.44,-70.34
25233,-35.06,-76.53
25228,-35.78,-79.03
25222,-34.72,-76.41
25203,-30.31,-66.78
25168,-21.47,-48.00
25128,-7.94,-19.88
25086,11.00,18.66
25050,33.81,64.75
25023,59.81,118.25
24992,88.81,177.94
24969,119.72,239.41
24956,149.66,299.00
24949,175.85,350.25
24950,196.69,391.06
24953,211.75,419.44
24962,221.03,436.97
24973,225.50,443.97
24984,224.72,440.91
24988,220.53,431.38
24995,213.88,416.91
25000,205.78,399.81
25006,197.16,381.38
25017,187.56,362.59
25023,178.44,344.19
25037,169.03,325.81
25050,159.41,306.97
25071,147.75,285.00
25085,135.31,261.09
25100,121.75,235.00
25115,107.16,207.38
25123,93.06,180.22
25129,79.06,154.28
25129,66.91,130.66
25136,55.63,110.59
25139,46.69,94.72
25140,39.44,81.34
25142,33.88,71.69
25139,30.60,65.97
25140,28.22,62.44
25139,26.75,60.31
25144,24.66,57.84
25149,22.85,54.12
25156,20.53,48.94
25168,16.88,42.03
25180,11.97,33.06
25185,6.13,21.31
25195,-0.81,6.50
25204,-8.94,-10.56
25217,-17.97,-29.72
25229,-27.84,-49.72
25237,-37.75,-70.06
25235,-45.81,-87.50
25240,-52.94,-102.66
25238,-59.15,-115.09
25237,-63.90,-125.03
25238,-67.62,-133.41
25242,-70.22,-139.59
25252,-72.53,-144.84
25258,-74.56,-149.94
25267,-77.97,-156.72
25264,-80.34,-161.97
25242,-80.19,-161.41
25204,-75.44,-151.75
25156,-64.59,-129.16
25106,-47.06,-92.50
25056,-22.19,-42.66
25019,7.88,17.31
24996,41.69,83.66
24987,75.97,151.09
24975,108.72,214.88
24970,137.10,271.16
24969,159.38,315.12
24972,174.85,344.84
24975,183.60,361.84
24977,187.38,369.19
24983,187.50,370.25
24994,185.13,366.81
24997,180.91,360.00
24999,175.85,351.38
24995,171.19,344.06
24979,168.94,341.81
24957,169.81,344.72
24943,172.69,351.84
24936,177.19,361.91
24933,183.41,373.12
24943,188.69,382.91
24952,193.06,389.22
24965,195.28,390.97
24972,194.60,386.72
24974,190.94,376.50
24981,184.66,362.72
24985,177.03,345.69
24989,168.63,327.94
24995,160.78,310.06
25007,152.63,292.81
25013,145.41,277.22
25027,137.38,261.12
25031,129.13,245.66
25030,121.97,231.84
25027,115.75,220.59
25021,110.81,210.69
25022,106.56,204.50
25021,103.94,200.88
25026,101.47,197.78
25032,100.03,195.44
25043,97.75,191.88
25049,94.60,185.31
25059,89.85,175.47
25070,83.00,162.69
25081,74.94,147.12
25083,66.60,130.69
25090,58.06,114.50
25090,50.35,98.72
25092,43.81,84.78
25098,37.35,71.00
25103,31.53,58.69
25103,27.16,49.72
25098,24.81,43.56
25087,24.13,40.97
25076,25.69,43.53
25045,31.10,55.06
25004,41.85,77.38
24959,58.88,111.75
24926,80.53,156.84
24892,106.25,208.09
24875,133.28,262.94
24865,159.97,317.09
24863,185.31,367.03
24872,205.47,407.72
24879,219.44,435.72
24894,225.81,450.97
24905,226.66,452.88
24917,221.72,445.25
24924,213.81,431.31
24924,204.72,415.38
24923,195.56,398.94
24927,187.13,383.75
24933,178.91,368.69
24944,171.22,353.25
24962,162.72,337.28
24979,153.69,320.09
24993,143.85,301.16
24999,133.31,280.47
25005,122.00,258.47
25012,110.41,236.03
25014,99.38,214.38
25018,89.35,194.53
25026,80.63,177.62
25026,74.10,164.69
25024,69.63,155.00
25016,66.94,148.91
25004,66.53,146.84
24998,67.75,147.53
24995,69.60,150.09
24997,71.66,154.03
24999,74.44,158.53
24998,77.35,163.28
24994,80.47,168.22
24993,82.72,171.50
24996,83.06,172.25
24990,83.38,172.62
24985,83.97,173.75
24983,85.06,175.47
24986,86.03,176.56
24993,85.97,176.50
25002,84.28,173.72
25013,81.10,167.81
25025,76.81,158.72
25039,70.10,145.56
25049,61.53,128.28
25063,51.03,107.75
24962,53.63,114.03
24979,54.94,117.25
24993,55.63,119.81
24999,56.94,123.62
25090,48.38,108.53
25083,42.47,98.44
25067,39.88,94.78
25044,41.94,100.53
25006,36.10,89.84
24954,38.94,97.00
24893,51.13,120.72
24846,69.85,158.12
24810,104.28,225.22
24794,139.60,293.91
24783,173.97,359.69
24790,204.31,417.44
24796,228.94,463.84
24800,246.35,494.91
24800,256.00,512.09
24803,259.31,517.62
24805,257.85,514.75
24813,253.41,505.62
24824,246.25,492.69
24834,238.78,478.75
24836,231.85,465.03
24841,224.88,453.28
24841,217.97,442.00
24837,211.97,430.31
24837,206.28,419.25
24842,201.00,409.03
24846,196.66,400.12
24856,192.35,391.69
24860,187.81,382.94
24871,182.56,372.50
24870,177.47,360.66
24867,172.31,350.53
24859,168.19,340.84
24862,164.35,332.72
24861,161.16,326.31
24858,159.63,321.94
24860,158.35,318.50
24865,157.81,315.97
24871,156.44,312.31
24884,153.06,305.19
24890,147.97,296.12
24899,142.16,284.53
24908,135.13,270.38
24919,126.41,254.84
24913,118.78,242.19
24900,113.47,233.00
24890,110.16,227.91
24892,108.28,226.09
24895,106.78,224.78
24907,104.91,223.22
24919,102.69,220.06
24945,98.63,213.41
24963,91.60,199.69
24982,80.60,179.47
24993,67.10,153.66
25009,51.94,124.53
25013,36.78,94.66
25020,22.38,67.28
25009,10.97,46.12
25012,2.50,30.91
25008,-3.15,21.41
25006,-6.12,16.84
24990,-5.72,18.31
24979,-1.94,26.19
24950,5.94,41.09
24930,17.16,63.25
24896,31.13,91.25
24870,48.63,124.25
24846,68.50,162.38
24830,89.97,203.84
24815,111.13,245.34
24810,131.38,284.12
24798,149.35,319.47
24796,164.88,349.44
24794,176.31,371.25
24798,183.91,386.03
24803,187.81,392.56
24822,187.31,390.78
24836,183.19,381.78
24859,175.60,365.97
24876,164.44,343.19
24894,150.88,316.44
24895,137.03,288.66
24903,122.81,260.84
24905,109.06,234.03
24918,96.19,208.91
24925,84.31,185.75
24944,73.00,165.16
24950,63.16,147.34
24964,53.91,129.66
24968,44.38,112.00
24972,35.38,93.62
24976,26.22,75.88
24980,18.25,60.03
24980,11.22,47.16
24981,6.50,37.03
24982,2.44,29.59
24985,-0.22,23.84
24986,-2.47,18.28
24994,-5.19,13.75
24997,-7.78,9.25
25004,-10.72,2.94
25012,-14.62,-5.34
25023,-19.75,-15.56
25027,-25.22,-27.44
25036,-31.37,-39.72
25035,-37.25,-52.16
25043,-43.09,-65.00
25049,-49.25,-78.22
25057,-55.47,-90.97
25057,-60.65,-103.22
25066,-65.56,-113.53
25057,-68.78,-120.62
25054,-70.50,-123.91
25039,-70.44,-123.28
25038,-69.25,-120.66
25029,-66.19,-115.44
25033,-62.65,-107.91
25030,-58.78,-99.56
25038,-54.78,-92.00
25046,-52.97,-88.62
25061,-53.40,-91.16
25072,-57.12,-99.31
25083,-62.28,-109.53
25067,-66.53,-117.16
25042,-67.12,-117.72
24997,-62.47,-108.38
24952,-51.25,-86.12
24901,-32.72,-50.56
24864,-7.84,-1.91
24829,22.60,56.75
24814,56.03,120.31
24808,87.97,181.09
24814,115.75,233.16
24818,137.22,274.53
24827,151.75,301.81
24836,158.66,315.75
24840,160.41,318.47
24836,158.25,314.41
24839,153.88,307.00
24844,148.13,296.91
24852,142.19,286.41
24860,135.78,274.38
24879,128.22,260.81
24896,119.72,245.12
24908,110.25,228.16
24911,100.00,209.34
24924,88.56,188.31
24930,77.13,166.44
24937,65.88,145.09
24931,56.47,127.28
24933,49.25,113.53
24932,44.35,103.88
24938,40.25,96.06
24934,37.06,91.03
24929,36.16,88.91
24923,36.72,89.94
24922,38.31,91.84
24926,38.66,92.00
24933,38.35,90.38
24942,36.78,86.75
24956,34.22,80.69
24967,29.81,71.31
24964,25.19,61.88
24956,20.88,53.00
24955,16.60,45.34
24953,13.06,38.34
24951,10.72,32.78
24952,9.38,29.41
24956,9.31,28.28
24966,9.38,26.91
24981,7.19,21.19
24995,2.25,10.16
25017,-5.53,-6.81
25028,-14.84,-26.62
25032,-24.84,-46.41
25034,-34.87,-65.91
25034,-44.34,-84.88
25031,-52.12,-100.44
25028,-57.59,-111.00
25028,-61.25,-117.00
25026,-61.87,-118.56
25033,-62.00,-118.25
25044,-63.00,-119.31
25048,-64.25,-121.38
25034,-63.75,-119.16
25007,-60.25,-110.81
24968,-52.28,-94.56
24930,-39.62,-68.28
24887,-21.94,-31.75
24852,0.85,14.50
24825,28.19,67.28
24819,56.60,123.62
24813,83.78,176.88
24809,107.88,223.19
24813,126.41,259.41
24819,139.28,283.19
24820,146.53,295.81
24828,148.38,298.34
24837,145.69,292.81
24848,140.88,282.22
24857,134.25,268.47
24866,126.06,251.72
24881,116.56,231.47
24897,105.88,208.88
24915,93.16,182.81
24936,78.91,153.84
24958,63.16,122.75
24976,46.66,90.28
24982,30.66,58.81
24985,15.53,30.22
24981,2.91,6.72
24976,-7.00,-10.84
24970,-13.81,-21.88
24962,-16.97,-27.06
24966,-17.81,-26.97
24966,-16.40,-23.75
24972,-15.03,-20.81
24981,-14.40,-19.78
24996,-16.19,-23.12
25006,-19.78,-30.81
25015,-25.25,-42.44
25021,-32.40,-56.50
25021,-39.03,-70.81
25017,-45.09,-83.88
25016,-50.22,-96.19
25022,-54.97,-107.69
25036,-59.53,-117.69
25044,-63.81,-127.25
25056,-68.44,-136.72
25064,-73.28,-146.50
25074,-79.31,-158.81
25089,-87.69,-173.66
25097,-97.12,-189.78
25103,-106.47,-206.00
25110,-114.84,-221.00
25112,-122.44,-234.34
25112,-128.44,-245.09
25113,-133.53,-253.62
25118,-137.97,-260.22
25126,-141.50,-265.66
25131,-144.62,-270.41
25140,-148.09,-275.25
25150,-151.90,-281.66
25150,-155.44,-288.28
25156,-159.69,-295.62
25151,-163.15,-301.38
25136,-164.09,-301.72
25107,-160.40,-293.06
25065,-150.87,-273.22
25020,-134.65,-240.41
24980,-112.34,-195.12
24941,-85.31,-139.94
24917,-54.78,-79.31
24902,-23.22,-16.69
24898,6.69,41.44
24895,33.16,92.00
24898,53.78,132.12
24902,68.10,159.06
24915,75.69,172.06
24929,76.56,172.56
24948,72.10,162.94
24956,64.78,147.25
24966,55.78,128.94
24971,45.81,108.03
24984,34.69,85.56
24988,23.66,63.25
24997,13.22,42.34
25008,3.25,23.38
25012,-4.78,7.31
25021,-12.87,-9.34
25035,-21.40,-26.88
25049,-30.97,-45.16
25062,-40.47,-64.06
25071,-50.50,-83.53
25073,-59.62,-101.09
25070,-66.90,-115.78
25063,-72.75,-126.34
25045,-75.15,-129.59
25027,-73.56,-124.94
25012,-68.34,-113.56
25008,-61.03,-98.41
25006,-52.44,-81.50
25015,-44.75,-66.09
25024,-38.62,-53.69
25041,-35.56,-47.16
25050,-35.90,-48.91
25066,-40.47,-58.16
25077,-48.28,-74.06
25095,-58.78,-95.22
25109,-71.19,-119.34
25118,-83.50,-144.78
25127,-95.72,-170.12
25139,-107.22,-194.88
25151,-119.00,-218.31
25155,-129.19,-239.56
25155,-137.90,-258.03
25157,-144.56,-273.34
25162,-150.03,-286.41
25171,-155.47,-298.72
25185,-161.47,-312.22
25203,-168.15,-325.84
25215,-174.81,-339.75
25231,-182.90,-357.03
25242,-192.31,-375.94
25250,-202.40,-394.53
25250,-211.78,-411.62
25246,-219.44,-423.97
25227,-222.94,-428.56
25199,-220.65,-423.12
25161,-212.12,-404.59
25117,-196.19,-371.22
25068,-172.87,-324.50
25031,-144.09,-267.78
25005,-112.31,-204.62
24982,-78.44,-139.62
24975,-46.31,-77.00
24973,-17.69,-21.28
24975,5.69,23.12
24977,23.16,55.06
24985,33.35,73.75
24998,37.19,79.91
25010,36.25,76.53
25022,30.97,66.06
25034,23.35,51.28
25042,14.53,34.12
25048,5.28,15.84
25061,-5.28,-3.53
25075,-16.47,-24.62
25094,-28.34,-46.81
25112,-40.84,-70.81
25134,-54.50,-97.50
25156,-69.31,-126.47
25171,-84.90,-155.81
25178,-100.47,-184.06
25172,-113.53,-208.34
25159,-123.12,-224.94
25137,-127.50,-232.25
25121,-127.62,-229.91
25103,-122.75,-218.31
25088,-113.25,-200.06
25094,-102.72,-179.84
25104,-92.65,-160.91
25118,-85.15,-147.12
25132,-81.09,-140.31
25141,-80.94,-141.19
25148,-83.65,-147.69
25150,-88.84,-159.25
25153,-96.28,-173.00
25152,-102.75,-186.50
25154,-108.15,-197.25
25154,-111.81,-204.91
25159,-114.31,-210.62
25166,-116.53,-215.56
25179,-119.47,-222.59
25191,-123.65,-231.94
25208,-129.53,-244.94
25221,-137.12,-261.59
25235,-146.15,-281.38
25240,-155.72,-301.38
25238,-164.34,-318.97
25226,-170.53,-331.19
25209,-172.90,-337.41
25203,-173.00,-337.34
25195,-170.00,-332.16
25193,-165.12,-322.62
25194,-158.69,-310.91
25197,-152.03,-298.19
25189,-144.69,-284.31
25170,-136.53,-268.78
25144,-127.31,-250.00
25113,-115.06,-225.50
25078,-99.50,-193.69
25041,-79.72,-153.16
25008,-55.81,-104.44
24985,-28.87,-51.34
25132,-21.53,-35.06
25141,-17.72,-26.66
25148,-18.09,-25.44
25150,-22.56,-34.00
25153,-31.75,-51.34
24975,-23.25,-35.78
24995,-21.44,-32.62
25013,-24.78,-39.12
25029,-11.69,-15.31
25047,0.16,6.69
25065,10.53,24.75
25080,19.19,41.19
25086,27.41,54.22
25099,11.69,23.28
25110,-2.78,-6.28
25124,-16.62,-33.97
25133,-29.50,-60.44
25142,-41.15,-83.84
25147,-51.06,-104.44
25154,-59.90,-123.47
25164,-69.19,-141.97
25175,-78.12,-159.59
25177,-85.87,-174.44
25184,-92.69,-186.66
25182,-98.06,-196.53
25181,-102.15,-204.19
25178,-105.22,-209.16
25178,-107.37,-212.12
25179,-108.40,-212.44
25182,-108.40,-212.00
25182,-108.19,-211.94
25189,-107.94,-211.62
25187,-107.72,-211.44
25187,-107.59,-212.12
25193,-108.62,-214.06
25199,-110.37,-217.97
25203,-112.47,-223.22
25208,-114.81,-229.78
25219,-118.50,-238.19
25232,-122.94,-249.03
25244,-129.06,-262.53
25261,-137.28,-278.44
25273,-146.19,-297.59
25289,-156.28,-318.34
25296,-166.65,-339.94
25305,-177.47,-360.09
25309,-187.31,-378.72
25315,-196.19,-395.19
25320,-204.12,-409.66
25326,-210.62,-421.62
25318,-214.56,-428.75
25309,-215.34,-428.31
25280,-211.62,-417.38
25241,-201.94,-395.81
25192,-185.69,-361.03
25143,-162.72,-312.66
25090,-132.65,-250.91
25054,-97.59,-179.66
25024,-60.06,-103.47
25010,-22.19,-27.88
25005,12.38,39.84
25007,41.53,96.66
25013,63.56,139.41
25028,77.44,166.44
25039,83.19,177.59
25059,81.91,174.81
25071,75.38,161.56
25091,64.63,140.12
25103,51.85,114.38
25118,37.56,85.84
25135,22.03,55.16
25154,6.13,23.31
25168,-10.06,-9.38
25186,-25.87,-40.31
25191,-40.65,-70.50
25210,-55.19,-100.19
25219,-69.25,-128.75
25231,-82.81,-155.59
25233,-94.40,-179.09
25229,-103.03,-197.28
25223,-109.06,-209.56
25219,-112.31,-217.12
25213,-114.15,-220.66
25216,-114.00,-219.88
25214,-112.47,-217.12
25223,-110.56,-213.75
25226,-108.81,-211.06
25233,-108.44,-209.88
25236,-109.22,-211.69
25248,-111.97,-216.88
25251,-115.84,-224.88
25267,-121.28,-235.22
25276,-128.06,-247.59
25289,-135.31,-261.62
25298,-143.22,-276.78
25312,-151.97,-293.94
25322,-161.50,-312.47
25340,-171.69,-331.34
25344,-181.94,-350.44
25354,-191.37,-368.12
25355,-199.72,-383.91
25366,-207.75,-398.72
25367,-214.72,-412.41
25374,-220.75,-424.34
25379,-226.09,-434.34
25385,-229.94,-443.88
25393,-234.22,-452.97
25406,-238.84,-463.22
25408,-243.56,-473.91
25412,-247.34,-482.38
25394,-248.75,-486.00
25370,-246.25,-481.38
25325,-237.53,-465.00
25281,-222.62,-435.16
25229,-200.34,-391.28
25191,-171.87,-334.66
25150,-138.25,-268.09
25130,-101.90,-195.56
25107,-65.22,-122.25
25102,-31.19,-54.16
25098,-2.56,2.75
25105,19.47,46.62
25113,33.81,75.25
25130,41.19,89.78
25135,42.75,92.44
25147,40.28,86.44
25143,35.47,77.38
25122,32.69,72.28
25079,34.78,76.59
25049,41.50,90.47
25017,53.19,112.88
25003,68.63,140.59
25007,84.06,170.59
25019,99.41,199.12
25034,112.25,221.28
25065,118.47,230.50
25093,115.78,223.41
25127,105.10,200.12
25152,87.38,163.88
25174,65.31,120.81
25183,42.81,76.97
25191,20.97,35.84
25192,1.03,-0.69
25198,-15.59,-31.56
25202,-29.09,-56.31
25211,-39.34,-74.62
25215,-46.90,-87.25
25225,-52.90,-97.19
25231,-58.50,-106.78
25247,-65.03,-117.81
25254,-72.25,-130.88
25270,-80.69,-147.19
25282,-90.03,-165.88
25300,-100.44,-186.41
25307,-111.15,-207.69
25317,-121.78,-228.50
25322,-132.19,-248.31
25327,-141.12,-266.19
25325,-148.87,-281.56
25335,-155.81,-294.31
25338,-161.56,-305.22
25350,-166.53,-315.16
25356,-171.31,-324.38
25368,-176.31,-334.78
25377,-181.75,-346.97
25395,-188.81,-362.06
25397,-196.31,-379.03
25402,-203.12,-394.25
25388,-207.75,-403.22
25355,-206.72,-401.62
25307,-198.94,-385.78
25250,-182.59,-352.22
25186,-157.28,-301.16
25136,-123.65,-234.50
25095,-84.90,-157.50
25077,-43.59,-75.88
25061,-2.37,3.72
25062,34.28,75.81
25057,65.25,135.44
25064,87.97,178.00
25067,102.16,203.59
25078,108.60,215.47
25081,109.47,217.22
25091,106.85,212.38
25095,101.72,203.06
25106,95.41,190.94
25110,88.03,177.41
25116,80.85,163.59
25122,73.31,149.28
25138,65.22,133.59
25150,56.06,116.03
25167,46.13,96.97
25169,36.53,78.06
25173,27.88,61.06
25168,20.41,45.97
25172,13.25,33.50
25168,7.41,22.97
25170,3.38,14.91
25167,1.25,10.41
25176,0.10,7.69
25175,-0.65,5.00
25185,-2.15,0.84
25179,-3.53,-3.16
25177,-4.12,-5.91
25169,-4.22,-8.09
25171,-4.31,-9.66
25169,-4.53,-12.31
25180,-4.97,-15.59
25187,-6.44,-19.84
25201,-8.40,-25.06
25209,-12.09,-32.88
25220,-17.37,-44.09
25225,-24.25,-57.00
25233,-31.81,-71.81
25240,-40.44,-88.12
25256,-49.62,-105.03
25261,-58.47,-120.94
25272,-66.87,-136.09
25271,-74.06,-151.25
25277,-80.59,-164.69
25271,-85.69,-175.00
25263,-88.75,-180.84
25246,-88.78,-180.38
25244,-86.56,-175.94
25236,-82.75,-169.16
25236,-77.56,-160.44
25230,-71.84,-148.16
25217,-63.78,-132.59
25189,-53.03,-112.66
25160,-39.75,-87.88
25115,-23.06,-55.56
25072,-1.37,-13.00
25029,24.50,38.62
25005,53.16,96.31
24986,83.25,155.53
24983,111.85,213.19
24975,137.69,265.34
24980,159.10,308.47
24985,174.06,337.75
25004,181.16,351.69
25021,180.72,351.47
25037,175.28,340.66
25056,165.13,322.69
25069,153.03,299.59
25076,139.19,273.84
25084,125.06,248.03
25083,111.81,223.81
25089,100.28,201.53
25095,90.22,182.69
25102,81.38,166.47
25107,74.35,152.50
25123,67.00,138.78
25134,59.22,124.28
25145,51.13,108.16
25154,41.85,90.41
25165,32.03,72.03
25172,22.16,52.56
25179,12.35,32.53
25184,2.63,13.16
25184,-5.00,-3.31
25179,-10.59,-15.16
25173,-14.00,-23.16
25172,-16.15,-27.47
25175,-17.28,-29.88
25175,-17.53,-31.12
25178,-17.25,-31.25
25180,-16.62,-31.25
25194,-17.75,-34.12
25202,-20.47,-41.72
25214,-25.44,-53.62
25231,-32.59,-68.44
25237,-40.09,-86.12
25247,-48.75,-104.31
25256,-58.12,-123.09
25261,-67.78,-142.22
25268,-76.50,-159.22
25264,-83.62,-172.31
25260,-88.69,-181.44
25262,-91.84,-187.75
25261,-94.09,-191.12
25259,-94.84,-191.72
25253,-93.69,-189.19
25251,-91.69,-184.06
25250,-88.69,-178.59
25253,-86.62,-173.56
25244,-83.94,-166.81
25227,-78.90,-156.22
25201,-70.78,-138.22
25163,-58.22,-111.38
25120,-41.15,-76.75
25082,-19.69,-33.12
25053,5.10,17.41
25033,32.56,72.28
25020,60.31,127.09
25013,86.60,178.56
25018,108.78,222.12
25022,125.53,253.88
25026,136.28,274.47
25032,141.44,283.75
25041,141.81,283.47
25048,138.81,275.81
25058,132.94,263.34
25066,125.25,247.62
25074,117.25,229.91
25087,108.19,210.69
25102,97.85,189.25
25119,86.19,165.38
25136,73.63,139.69
25157,59.41,111.94
25174,44.44,82.16
25188,28.81,51.00
25204,12.31,19.34
25208,-2.90,-9.81
25209,-16.28,-35.09
25207,-27.15,-55.56
25205,-35.59,-71.00
25208,-41.69,-81.91
25207,-45.50,-88.50
25210,-47.87,-91.56
25206,-47.72,-90.84
25205,-46.97,-89.00
25203,-45.84,-87.66
25207,-45.47,-88.22
25212,-45.97,-90.66
25214,-46.34,-93.69
25223,-47.97,-97.94
25229,-49.97,-104.03
25237,-53.47,-112.81
25251,-58.78,-124.16
25261,-65.56,-137.19
25265,-72.31,-150.31
25273,-79.34,-163.22
25280,-86.97,-177.41
25284,-93.87,-191.34
25295,-101.37,-205.81
25306,-109.19,-220.16
25314,-116.19,-233.78
25320,-122.62,-246.03
25319,-128.37,-256.69
25320,-133.25,-265.25
25321,-137.31,-271.88
25326,-141.47,-277.34
25326,-144.22,-281.50
25333,-146.44,-285.00
25339,-148.40,-288.34
25336,-149.22,-290.16
25327,-149.03,-289.22
25300,-145.31,-280.66
25258,-136.28,-261.19
25208,-120.44,-228.84
25155,-98.09,-183.12
25112,-69.69,-125.66
25081,-36.87,-60.16
25068,-3.06,7.94
25060,30.35,74.38
25055,60.72,133.03
25056,85.50,180.34
25061,103.19,213.91
25065,113.63,233.56
25072,117.72,240.69
25083,116.53,237.66
25096,112.10,227.66
25107,105.31,212.22
25123,95.97,192.62
25139,84.81,169.59
25152,72.75,143.88
25170,59.03,114.72
25190,43.81,83.78
25201,28.72,52.97
25207,14.60,24.66
25215,0.97,-2.19
25220,-11.15,-26.28
25224,-21.69,-47.81
25228,-31.00,-66.06
25224,-37.50,-78.78
25223,-41.31,-85.88
25217,-43.00,-87.69
25209,-42.90,-86.47
25204,-41.19,-82.03
25200,-38.37,-76.12
25199,-34.94,-68.78
25202,-31.40,-62.09
25155,-22.53,-41.72
25112,-8.50,-12.66
25081,8.56,21.22
25068,26.13,56.53
25268,17.94,39.97
25277,8.19,21.28
25285,-2.62,0.75
25289,-13.50,-19.66
25297,-31.12,-56.62
25306,-55.12,-106.03
25313,-83.69,-164.69
25324,-115.00,-228.62
25335,-122.47,-244.31
25349,-130.50,-260.75
25358,-138.59,-278.66
25363,-146.72,-297.28
25369,-154.56,-314.28
25369,-161.19,-329.16
25368,-166.75,-341.16
25372,-171.44,-351.16
25373,-174.81,-360.22
25390,-178.53,-368.47
25395,-181.72,-375.66
25399,-184.78,-381.03
25384,-185.15,-381.84
25350,-181.31,-372.53
25292,-170.37,-348.94
25224,-150.50,-307.78
25165,-123.28,-249.56
25112,-87.56,-178.94
25084,-48.00,-100.00
25072,-6.75,-17.97
25068,32.78,59.94
25072,67.28,126.72
25079,93.38,176.84
25091,109.25,207.19
25093,117.38,220.66
25086,119.69,224.41
25079,119.38,223.59
25072,118.44,221.44
25064,118.00,220.28
25066,117.81,219.62
25072,117.75,220.12
25081,118.06,220.47
25093,117.10,218.97
25107,113.53,212.09
25122,107.25,199.66
25127,99.50,185.19
25123,91.35,170.69
25118,84.10,157.69
25113,78.28,146.16
25113,73.66,137.75
25112,70.72,132.38
25120,68.53,131.19
25120,68.22,132.38
25129,67.44,132.19
25136,65.25,128.53
25140,62.00,123.66
25140,58.13,117.56
25141,54.16,110.12
25149,49.10,101.38
25156,44.22,90.81
25169,37.75,78.34
25183,30.69,63.47
25195,23.06,48.44
25208,14.38,31.28
25213,5.16,12.66
25219,-4.62,-6.56
25218,-13.22,-24.88
25217,-20.75,-40.31
25213,-26.09,-52.12
25215,-29.87,-59.69
25219,-32.62,-65.06
25223,-34.25,-69.41
25227,-35.75,-73.12
25226,-36.34,-76.19
25227,-37.19,-78.97
25231,-38.65,-83.09
25230,-40.47,-87.41
25228,-41.78,-90.84
25225,-42.19,-93.25
25222,-41.72,-93.00
25212,-39.50,-89.25
25196,-35.44,-79.78
25174,-28.53,-65.75
25151,-18.28,-44.09
25103,-2.25,-11.38
25058,19.03,32.34
25022,44.25,83.47
24997,72.03,139.16
24969,101.85,198.31
24950,131.78,257.59
24936,160.47,315.78
24937,185.94,366.25
24938,205.06,404.94
24940,218.16,430.56
24941,226.53,446.84
24950,230.60,456.03
24950,231.13,457.75
24957,228.41,453.47
24957,223.97,445.09
24962,219.03,436.19
24971,213.16,425.22
24987,205.60,410.69
25001,196.44,393.66
25013,186.97,374.50
25019,176.85,355.25
25023,167.16,335.41
25019,158.06,317.22
25011,150.69,301.66
25002,145.60,289.84
25000,142.81,283.28
24998,142.06,280.53
24995,143.19,281.16
24996,144.91,282.78
24995,147.25,286.16
24989,149.85,289.75
24983,152.16,293.06
24979,153.81,295.97
24983,154.69,297.72
24978,155.94,299.47
24980,156.56,301.59
24980,157.31,303.06
24990,156.69,302.50
24994,154.78,298.81
25004,150.91,292.06
25007,146.22,282.50
25016,140.94,271.38
25019,134.69,258.56
25027,127.75,243.59
25033,120.10,227.75
25046,112.13,211.19
25057,103.38,193.75
25067,94.66,175.44
25073,85.66,157.41
25081,76.85,139.28
25080,68.60,121.53
25093,59.78,103.81
25093,51.81,87.50
25099,44.78,73.94
25095,39.66,62.47
25108,34.22,52.47
25105,29.94,44.78
25100,27.31,40.41
25087,26.22,40.22
25072,28.63,46.78
25037,35.41,62.16
25003,47.13,87.03
24961,63.50,121.59
24930,85.25,165.88
24905,109.56,215.69
24879,136.31,270.84
24849,165.00,329.56
24832,193.69,387.56
24816,219.75,440.09
24814,241.63,483.44
24814,258.06,516.19
24826,269.00,537.19
24833,275.85,549.12
24856,276.53,550.47
24866,272.19,541.56
24882,263.75,524.59
24895,251.78,500.62
24917,236.88,470.75
24933,220.13,438.25
24951,202.75,405.25
24960,185.25,371.75
24976,168.75,338.78
24983,152.78,306.81
24995,137.44,276.00
25005,122.56,247.44
25010,109.97,222.81
25010,99.47,202.03
25010,91.28,184.53
25007,84.69,171.06
25009,79.88,160.47
25012,75.60,152.19
25014,72.63,146.22
25010,71.44,142.53
25013,70.50,140.03
25011,69.78,137.53
25017,68.35,134.81
25015,66.78,131.50
25021,64.75,127.94
25026,62.50,122.91
25043,58.38,115.03
25052,52.66,103.88
25065,45.72,90.16
25073,37.63,74.69
25080,29.47,58.72
25079,21.25,42.88
25083,13.35,27.78
25082,6.22,14.06
25094,-0.22,1.47
25100,-6.22,-9.81
25114,-12.28,-20.84
25121,-18.19,-31.56
25128,-24.06,-42.31
25128,-30.00,-53.59
25132,-35.87,-65.28
25133,-41.97,-77.12
25143,-47.75,-88.41
25145,-53.00,-99.19
25153,-57.47,-108.91
25155,-61.25,-117.78
25160,-64.75,-125.97
25157,-67.84,-132.84
25147,-69.19,-136.41
25123,-67.37,-132.44
25091,-60.34,-119.12
25045,-47.34,-94.03
25011,-29.22,-58.53
24969,-5.75,-12.94
24942,21.53,40.66
24919,51.10,97.56
24920,79.06,153.66
24912,104.81,203.16
24918,125.63,244.16
24920,140.22,273.56
24932,148.97,292.00
24937,151.78,298.16
24955,148.97,293.66
24963,142.28,281.69
24978,133.88,264.81
24981,124.19,245.97
24990,114.19,227.00
24989,104.66,208.31
24996,95.85,190.03
25003,86.81,172.75
25013,78.85,156.12
25016,71.60,141.00
25025,65.16,126.97
25032,58.25,111.69
25047,50.66,94.94
25048,42.88,77.81
25063,34.16,60.19
25068,25.78,43.22
25081,17.10,26.09
25082,8.69,10.28
25082,1.50,-2.03
25071,-3.40,-9.88
25073,-6.62,-14.69
25066,-8.81,-17.34
25068,-9.37,-17.19
25062,-8.56,-15.31
25075,-7.75,-11.94
25073,-6.56,-8.72
25075,-5.62,-6.53
25073,-5.81,-5.38
25076,-6.15,-5.47
25077,-7.47,-7.78
25081,-9.03,-11.59
25082,-11.47,-16.00
25088,-13.00,-19.75
25093,-15.37,-24.09
25103,-18.75,-30.66
25108,-22.97,-39.53
25118,-28.03,-50.56
25126,-33.94,-61.91
25138,-40.78,-74.94
25145,-48.31,-89.69
25158,-56.69,-106.72
25163,-65.00,-124.50
25174,-73.37,-141.38
25178,-81.56,-158.25
25191,-90.03,-174.25
25192,-97.56,-189.12
25193,-103.65,-200.59
25173,-106.34,-205.25
25145,-103.84,-199.22
25093,-94.25,-179.75
25048,-77.75,-147.31
25001,-55.00,-102.12
24967,-26.56,-45.94
24935,5.78,16.94
24919,39.97,82.78
24909,72.66,145.88
24908,101.69,201.22
24915,123.13,243.09
24923,137.78,271.16
24933,145.19,286.00
24946,146.66,288.34
24946,144.10,283.28
24950,139.06,274.53
24953,132.47,262.31
24963,124.53,247.94
24969,116.78,233.72
24980,108.72,219.22
24992,100.47,203.97
25006,92.16,188.84
25015,82.78,171.97
25030,72.13,151.84
25033,61.53,131.03
25050,50.16,110.00
25056,38.88,88.25
25069,27.44,66.66
25069,17.60,46.59
25068,9.72,30.47
25065,3.41,18.72
25057,0.00,11.56
25045,-1.50,8.09
25046,-0.97,7.66
25039,1.16,10.59
25042,4.53,15.16
25041,8.00,20.19
25050,10.19,23.16
25049,12.10,23.09
25060,11.63,20.16
25061,9.53,14.38
25074,5.94,6.62
25077,1.16,-3.31
25082,-3.87,-13.41
25079,-8.59,-22.19
25084,-12.78,-30.16
25089,-17.65,-37.41
25092,-21.50,-44.22
25099,-26.06,-51.12
25110,-30.34,-59.09
25116,-35.00,-67.38
25122,-39.72,-76.72
25130,-45.78,-87.97
25136,-51.94,-99.75
25137,-57.53,-112.06
25148,-64.09,-125.69
25161,-71.34,-139.94
25172,-78.53,-154.44
25181,-86.00,-169.19
25183,-92.94,-183.09
25172,-97.44,-192.12
25143,-97.53,-192.72
25095,-91.50,-179.31
25042,-77.50,-150.25
24991,-55.62,-106.56
24951,-27.56,-50.47
24926,4.53,13.06
24913,38.25,80.72
24903,71.56,146.44
24908,100.38,204.03
24911,122.56,247.66
24926,136.06,275.06
24937,141.72,286.88
24956,139.97,285.34
24965,133.97,275.81
24970,125.78,261.22
24974,115.91,244.00
24982,105.72,226.28
24989,95.13,207.72
24995,85.75,190.19
25006,76.44,173.41
25013,68.72,156.66
25032,59.78,139.16
25043,50.19,120.44
25053,39.91,101.59
25059,29.97,82.03
25065,20.22,63.50
25067,11.06,46.12
25068,3.22,30.66
25067,-3.56,18.28
25069,-8.15,8.62
25071,-11.59,1.53
25069,-13.50,-4.22
25074,-15.25,-8.31
25078,-16.75,-12.25
25078,-18.00,-16.66
25083,-19.72,-20.91
25082,-21.44,-25.38
25085,-23.25,-30.06
25093,-25.81,-36.56
25104,-29.97,-45.03
25111,-34.37,-55.16
25117,-38.97,-66.34
25124,-44.40,-78.44
25132,-50.19,-91.31
25132,-56.03,-103.47
25134,-61.72,-115.25
25139,-67.00,-125.44
25138,-70.72,-133.44
25141,-73.90,-139.75
25146,-76.94,-145.12
25157,-80.44,-150.47
25164,-83.78,-156.53
25171,-88.00,-164.28
25174,-92.31,-172.84
25180,-96.69,-181.84
25185,-101.78,-192.00
25059,-90.69,-168.47
25065,-79.84,-145.00
25067,-67.97,-120.22
25068,-55.44,-94.12
25153,-52.75,-87.59
25115,-44.94,-69.91
25072,-31.06,-40.34
25026,-10.94,0.84
24988,-2.00,17.47
24965,10.53,40.69
24948,25.31,68.47
24934,41.88,98.69
24934,68.94,150.50
24932,91.25,191.69
24938,107.25,220.78
24946,116.38,237.16
24955,119.60,241.88
24964,118.75,238.06
24981,113.69,226.81
24993,105.41,210.25
25000,96.31,191.06
25007,86.19,171.16
25016,75.75,151.28
25018,66.16,131.81
25031,56.13,113.00
25037,46.56,95.38
25044,38.31,79.59
25050,30.88,65.31
25054,23.88,51.94
25062,16.81,39.16
25065,10.56,25.59
25070,3.97,12.25
25077,-1.81,-0.47
25075,-6.56,-10.59
25070,-9.75,-18.00
25064,-11.44,-21.72
25052,-11.09,-21.69
25038,-8.03,-18.53
25031,-3.72,-11.16
25025,1.94,-1.06
25021,8.91,11.34
25019,15.85,23.50
25018,22.22,35.06
25017,27.94,44.78
25016,32.19,51.94
25020,34.19,56.03
25028,34.28,55.59
25041,32.00,51.28
25052,27.88,43.34
25059,22.66,32.88
25070,15.97,20.47
25076,8.47,6.94
25078,0.66,-6.50
25080,-6.84,-19.44
25085,-13.90,-30.53
25087,-19.53,-40.66
25092,-24.37,-49.06
25098,-29.06,-57.19
25114,-34.34,-66.34
25122,-39.84,-76.56
25128,-45.78,-88.31
25126,-51.15,-99.88
25124,-55.62,-108.56
25101,-56.94,-109.44
25066,-53.25,-99.69
25020,-43.06,-77.00
24970,-24.72,-41.38
24933,-0.87,5.69
24910,26.41,59.62
24893,55.31,116.78
24888,84.38,173.22
24883,110.94,224.31
24886,132.56,264.75
24893,147.38,291.62
24898,155.22,306.66
24904,157.60,310.47
24912,156.06,306.00
24923,151.06,295.81
24931,144.47,281.94
24935,136.81,265.31
24942,128.72,248.94
24951,120.44,232.56
24962,111.47,214.72
24972,102.06,196.00
24979,92.88,177.94
24986,84.25,160.12
24995,75.60,142.34
25001,66.75,125.09
25003,58.60,108.47
25006,51.25,93.84
25010,44.85,81.47
25007,40.13,71.56
25011,35.81,63.84
25009,32.66,58.72
25006,31.00,56.50
25002,30.63,56.53
25000,30.75,57.34
24997,31.63,58.91
25003,32.25,60.16
25007,32.00,60.53
25013,31.50,59.31
25018,30.13,56.47
25027,27.25,50.66
25036,22.78,41.62
25043,17.22,30.28
25052,10.22,16.28
25061,2.88,1.16
25068,-4.78,-14.97
25077,-12.75,-31.59
25082,-20.65,-48.34
25087,-27.97,-64.22
25090,-34.50,-77.56
25093,-40.47,-90.81
25100,-46.15,-103.84
25110,-51.90,-115.75
25109,-56.62,-125.69
25115,-60.94,-133.56
25122,-65.44,-141.00
25120,-69.03,-147.38
25113,-71.34,-151.34
25094,-70.90,-149.38
25065,-65.97,-137.19
25032,-55.69,-114.72
24985,-39.75,-81.44
24944,-18.03,-37.78
24909,8.72,15.25
24883,38.25,74.50
24861,69.44,135.53
24847,99.78,195.31
24840,127.10,248.62
24835,150.69,293.25
24837,168.00,326.28
24844,179.16,346.91
24853,184.75,356.91
24861,186.03,357.81
24866,183.94,352.47
24873,179.19,342.66
24880,172.78,328.81
24895,163.91,311.69
24904,154.22,292.94
24915,144.10,273.09
24925,133.94,252.78
24939,123.13,233.00
24952,111.38,211.88
24962,99.38,188.94
24972,87.06,166.16
24984,75.25,144.09
24989,64.03,123.81
24993,53.78,105.94
24991,45.10,91.09
24989,38.47,78.75
24983,34.28,70.62
24982,31.50,66.69
24983,29.88,65.41
24977,30.50,67.12
24975,32.00,70.59
24969,34.75,75.91
24967,37.47,81.03
24970,39.56,85.88
24971,40.75,88.81
24977,41.06,89.34
24980,41.13,88.25
24988,39.44,84.53
24989,37.38,78.25
25000,33.19,68.88
25006,28.06,57.84
25016,22.06,44.50
25022,15.50,30.88
25025,9.38,18.00
25026,3.53,5.38
25033,-2.12,-6.78
25032,-7.50,-17.88
25043,-12.81,-28.22
25041,-17.09,-37.88
25046,-20.69,-45.81
25050,-24.00,-53.44
25050,-26.94,-60.38
25053,-30.09,-66.03
25046,-31.50,-68.25
25022,-30.00,-64.56
24993,-23.50,-51.94
24956,-12.69,-29.53
24918,3.41,3.19
24876,25.13,46.41
24848,50.19,96.78
24825,78.28,152.03
24817,106.28,207.44
24812,131.69,258.28
24808,153.75,301.47
24810,170.78,335.19
24818,181.91,357.53
24823,187.06,367.94
24833,187.44,369.62
24840,184.06,364.16
24849,178.60,353.62
24858,171.41,340.16
24867,162.66,324.31
24877,152.97,306.22
24888,143.00,286.62
24895,132.88,267.19
24902,123.19,246.91
24904,114.22,227.19
24912,105.44,208.62
24916,97.35,190.84
24925,89.31,173.81
24926,82.47,158.41
24933,76.19,144.91
24936,70.44,131.62
24943,64.75,119.59
24943,59.35,108.75
24948,54.38,98.62
24950,49.72,88.84
24955,45.56,80.78
24956,41.44,73.28
24958,37.97,66.56
24958,34.94,61.53
24958,32.78,57.78
24961,30.28,53.81
24966,27.78,49.12
24968,25.28,44.59
24979,22.10,38.34
24979,19.06,31.28
24986,15.44,23.91
24987,11.69,16.09
24994,7.10,7.59
24997,2.53,-1.84
25003,-2.12,-11.22
25010,-7.34,-21.50
25013,-11.53,-31.06
25014,-15.81,-39.94
25021,-20.06,-49.25
25027,-24.90,-58.22
25030,-29.22,-67.50
25034,-33.62,-76.44
25042,-38.22,-84.94
25048,-42.65,-93.25
25052,-47.19,-101.50
25046,-50.81,-106.94
25030,-51.53,-107.06
25004,-48.25,-100.09
24971,-40.50,-83.69
24932,-27.40,-56.41
24903,-9.81,-20.09
24872,12.25,24.56
24860,36.16,74.84
24842,61.35,126.50
24841,84.47,174.59
24836,104.78,215.59
24840,120.35,246.62
24849,129.75,266.28
24857,134.47,275.78
24866,134.16,276.44
24876,131.06,269.62
24884,124.78,257.47
24891,117.53,243.41
24897,108.97,228.31
24897,100.97,213.38
24901,93.66,198.78
24909,86.41,183.94
24915,79.60,169.47
24928,72.47,154.47
24941,64.75,137.84
24955,56.22,119.75
24967,47.03,100.31
24972,37.28,80.50
24972,28.13,61.50
24971,20.16,44.91
24972,12.88,30.44
24973,7.16,18.94
24969,3.63,11.53
24970,1.72,7.31
24964,2.06,6.62
24965,2.91,7.94
24964,3.88,9.62
24964,4.72,11.28
24968,5.16,11.44
24974,4.97,10.47
24983,3.16,6.78
24993,0.28,0.72
24999,-4.09,-8.16
25008,-9.44,-18.59
25011,-15.25,-29.84
25015,-21.53,-41.47
25017,-27.47,-52.78
25021,-33.12,-64.09
25031,-38.84,-74.59
25036,-43.90,-85.25
25050,-49.90,-95.97
25061,-56.12,-108.31
25074,-63.53,-122.06
25081,-71.25,-137.22
25085,-79.19,-151.88
25086,-86.65,-165.91
25089,-93.22,-178.34
25087,-98.87,-188.91
25082,-102.09,-195.25
25069,-102.28,-194.81
25040,-97.22,-184.88
25003,-86.69,-164.28
24962,-70.62,-133.09
24922,-49.56,-91.16
24881,-23.15,-39.53
24846,7.16,19.66
24822,39.60,82.12
24810,71.66,143.72
24806,100.31,199.19
24811,123.50,244.47
24818,140.53,277.78
24826,151.41,298.94
24830,156.56,309.03
24838,156.31,309.81
24842,152.56,303.69
24849,146.47,292.75
24851,139.69,279.53
24862,132.19,265.31
24870,124.63,250.06
24884,116.38,233.81
24894,107.44,215.94
24906,98.10,196.97
24916,88.06,176.91
24921,78.35,156.50
24927,68.22,135.38
24941,57.81,113.66
24947,47.72,93.25
24951,38.94,75.12
24949,31.75,61.03
24942,27.00,51.28
24936,24.28,46.00
24931,22.85,43.12
24935,21.66,42.16
24941,21.47,42.94
24943,21.81,44.22
24949,21.91,45.38
24959,20.47,43.16
24964,17.53,38.44
24967,13.50,31.38
24969,8.66,23.38
24971,4.10,16.06
24975,-0.19,9.19
24978,-4.56,2.97
24977,-8.03,-3.06
24981,-10.69,-7.44
24979,-12.47,-10.50
24978,-13.72,-13.41
24983,-15.37,-15.81
24981,-16.50,-18.31
24985,-17.62,-21.03
24988,-18.75,-24.09
24996,-20.97,-28.28
25003,-23.56,-33.91
25007,-26.87,-40.62
25013,-31.03,-47.19
25013,-34.53,-54.69
25018,-38.87,-63.25
25018,-42.69,-71.25
25017,-45.97,-77.44
25007,-46.97,-79.44
24988,-44.72,-74.69
24957,-38.09,-61.22
24917,-25.81,-37.59
24873,-8.09,-3.16
24834,14.97,41.25
24805,41.47,93.19
24784,70.25,148.81
24767,99.69,205.25
24759,127.50,259.22
24748,152.60,307.25
24744,173.00,346.41
24747,187.35,374.50
24751,196.22,391.25
24760,200.28,398.47
24771,200.31,398.16
24780,197.06,391.97
24790,191.63,380.72
24801,183.47,364.44
24814,173.25,344.53
24825,162.13,322.28
24842,149.44,297.97
24856,136.25,272.84
24988,108.03,218.16
24996,80.19,164.41
25003,52.91,111.47
25007,26.72,60.81
24914,14.00,35.94
24924,1.50,12.03
24931,-9.62,-9.44
24936,-19.56,-28.84
24936,-12.90,-15.22
24931,-4.69,0.91
24924,5.25,20.03
24923,15.72,40.88
24919,14.97,38.31
24922,15.13,38.00
24922,16.13,39.19
24922,17.75,41.12
24920,19.63,43.03
24917,21.22,44.81
24913,22.41,45.69
24916,23.10,45.22
24925,22.16,43.34
24932,20.72,39.75
24944,17.81,33.31
24958,13.19,24.03
24970,6.81,10.84
24985,-1.75,-5.62
24995,-11.97,-25.44
25009,-23.50,-47.25
25017,-34.78,-69.25
25027,-46.37,-91.31
25031,-56.87,-111.34
25031,-65.56,-128.84
25039,-73.65,-143.44
25039,-79.81,-156.41
25045,-85.44,-167.16
25049,-89.75,-176.69
25059,-94.31,-186.41
25061,-97.81,-194.66
25051,-99.53,-199.09
25029,-98.47,-197.62
25000,-92.81,-187.78
24963,-82.56,-167.03
24920,-66.28,-134.59
24883,-45.00,-91.78
24854,-19.00,-39.66
24831,9.91,18.28
24821,38.56,76.75
24812,65.38,130.91
24812,88.38,176.59
24819,105.66,211.31
24824,116.81,233.75
24830,122.50,245.41
24838,123.53,247.56
24851,120.03,242.56
24862,113.94,231.62
24867,106.16,217.66
24873,97.66,201.66
24881,89.13,184.91
24893,79.78,166.56
24910,69.16,146.34
24923,57.97,124.56
24936,46.88,101.81
24952,35.25,78.50
24962,23.10,55.09
24968,11.03,32.28
24974,-0.69,9.66
24984,-12.03,-11.91
24986,-21.44,-30.56
24984,-28.90,-44.69
24980,-34.15,-55.56
24976,-36.87,-62.75
24980,-38.84,-67.62
24978,-39.78,-70.31
24978,-39.94,-70.88
24977,-38.75,-70.06
24978,-37.44,-68.88
24976,-36.12,-67.97
24980,-35.84,-67.81
24977,-35.69,-68.12
24981,-35.53,-68.69
24985,-36.09,-71.16
24989,-37.19,-74.84
24992,-38.78,-79.00
24994,-40.47,-83.38
25002,-43.40,-89.69
25008,-46.56,-95.97
25010,-50.31,-103.72
25015,-54.15,-112.16
25018,-57.87,-120.12
25024,-61.78,-128.03
25030,-66.03,-136.50
25034,-70.50,-145.28
25046,-75.44,-154.75
25054,-80.59,-164.88
25055,-85.56,-174.56
25054,-89.75,-182.16
25052,-93.28,-188.31
25052,-96.03,-192.56
25044,-97.00,-192.91
25024,-94.97,-187.25
24996,-87.94,-172.38
24963,-75.84,-147.12
24922,-58.62,-111.19
24883,-36.78,-67.78
24852,-11.47,-17.62
24827,16.72,37.12
24811,45.69,92.94
24804,72.81,145.59
24799,96.85,190.91
24803,116.06,226.12
24813,128.78,249.31
24817,136.00,261.06
24830,137.66,262.72
24843,134.56,255.88
24851,128.50,242.22
24861,120.35,224.53
24873,110.13,203.75
24890,98.38,180.12
24905,86.06,155.44
24918,72.75,130.69
24929,59.78,105.53
24939,47.31,82.06
24950,34.56,59.03
24958,22.16,36.69
24964,10.63,15.75
24966,1.03,-2.12
24971,-7.22,-17.59
24969,-13.53,-30.06
24971,-18.65,-39.72
24969,-22.25,-47.91
24974,-25.06,-53.78
24973,-26.72,-58.75
24976,-28.03,-62.50
24979,-29.44,-66.25
24981,-30.44,-70.09
24982,-31.81,-73.81
24984,-33.19,-77.47
24989,-35.44,-82.34
24993,-37.53,-87.56
24996,-40.12,-92.59
25001,-42.90,-98.38
25011,-46.56,-104.84
25020,-51.06,-111.91
25027,-56.28,-121.38
25037,-62.47,-133.28
25053,-69.97,-146.84
25059,-77.65,-161.28
25066,-85.78,-175.50
25071,-93.84,-189.09
25076,-101.22,-201.31
25079,-107.81,-213.31
25087,-114.47,-223.97
25090,-120.15,-233.41
25098,-124.81,-241.78
25106,-129.72,-249.34
25112,-134.44,-257.47
25108,-138.00,-263.53
25097,-139.50,-266.44
25079,-138.37,-263.81
25057,-133.50,-253.84
25024,-124.19,-233.81
24982,-108.69,-201.44
24937,-86.69,-157.34
24899,-59.37,-103.22
24868,-28.90,-43.53
24844,2.94,18.94
24830,34.03,80.03
24825,62.75,135.53
24828,86.75,182.19
24833,104.69,216.97
24839,116.10,238.88
24845,121.94,249.09
24853,122.85,250.50
24860,119.88,244.25
24864,114.69,232.81
24877,107.28,217.31
24888,98.91,199.44
24901,89.60,180.22
24911,79.91,160.16
24922,69.63,139.88
24934,58.94,118.38
24948,47.47,95.31
24958,35.35,71.53
24972,23.19,47.97
24982,11.25,24.72
24987,0.41,2.28
24992,-9.75,-16.88
24990,-18.15,-33.50
24996,-25.75,-47.75
24998,-31.81,-59.25
25000,-36.81,-68.25
25005,-40.65,-74.97
25005,-43.19,-79.50
25008,-45.47,-83.25
25014,-47.84,-87.72
25019,-51.09,-93.50
25024,-54.19,-99.75
25032,-58.00,-106.72
25039,-62.40,-115.25
25050,-67.53,-125.19
25054,-73.12,-136.31
25066,-79.78,-148.72
25070,-86.12,-162.03
25078,-92.81,-175.00
25078,-98.81,-187.22
25082,-104.28,-199.22
25087,-109.47,-210.00
25091,-113.72,-219.69
25098,-118.31,-229.94
25106,-122.37,-239.09
25108,-126.15,-247.66
25110,-129.15,-255.91
25113,-132.50,-263.09
25111,-135.06,-269.34
25115,-137.47,-274.56
25115,-139.37,-278.75
25122,-141.25,-282.50
25126,-142.59,-285.25
25128,-143.97,-287.22
25120,-144.06,-285.31
25097,-140.90,-277.16
25055,-132.78,-258.44
25013,-118.97,-228.62
24965,-99.25,-188.81
24933,-74.84,-138.81
24900,-46.00,-81.31
24878,-14.37,-18.06
24864,17.75,45.59
24857,47.60,103.22
24857,71.97,149.38
24864,90.00,182.56
24874,100.66,202.50
24892,105.00,209.38
24905,103.53,204.94
24919,97.60,191.44
24937,87.69,170.66
24944,76.13,146.53
24956,63.16,121.62
24964,50.16,95.78
24980,36.50,69.62
24993,23.56,44.22
25009,10.38,19.38
25021,-2.47,-4.91
25030,-14.09,-27.12
25032,-25.00,-48.41
25043,-35.69,-69.03
25046,-45.65,-87.38
25051,-54.15,-102.41
25051,-60.97,-114.09
25052,-65.87,-122.56
25052,-69.22,-127.72
25053,-71.53,-130.69
25049,-73.06,-131.62
25051,-73.47,-131.56
25055,-74.00,-131.75
25053,-73.65,-132.84
25060,-74.19,-134.28
25065,-75.22,-136.34
25069,-76.75,-139.75
25069,-78.12,-143.03
25065,-79.50,-145.66
25065,-80.62,-147.62
25061,-80.72,-148.56
25067,-81.84,-149.25
25068,-82.19,-150.06
25078,-83.15,-151.84
25082,-84.12,-154.12
25092,-86.34,-158.25
25092,-89.03,-164.72
25099,-92.56,-172.41
25098,-96.47,-181.16
25100,-99.81,-189.69
25104,-103.53,-197.66
25108,-106.44,-204.72
25106,-108.56,-210.44
25108,-109.69,-214.75
25108,-110.81,-218.53
25111,-111.44,-221.16
25101,-110.90,-220.38
25081,-107.65,-212.88
25040,-98.78,-195.69
25002,-84.75,-167.22
24954,-65.09,-127.53
24916,-40.56,-77.78
24881,-11.87,-19.91
24864,19.10,42.00
24849,50.44,103.78
24843,79.78,161.56
24835,104.78,211.03
24832,125.19,250.34
24835,139.06,277.84
24844,146.94,292.88
24850,149.66,298.03
24862,148.72,296.28
24866,145.41,290.03
24878,139.88,279.34
24887,132.25,264.22
24902,122.47,245.59
24915,111.50,224.25
24931,99.75,200.97
24939,87.81,177.09
24956,75.38,152.31
24961,62.91,126.97
24973,50.53,101.09
24975,39.13,77.66
24982,28.81,56.41
24978,20.72,38.09
24983,14.03,23.91
24978,9.03,12.97
24979,6.06,5.72
24971,4.75,1.66
24972,4.85,1.75
24964,6.19,3.62
24964,8.38,7.22
24961,10.41,11.28
24967,12.35,15.44
24963,14.13,19.81
24965,15.78,23.03
24967,16.16,25.38
24969,16.41,25.44
24968,15.75,23.97
24978,13.88,20.66
24979,11.53,15.62
24985,9.19,9.88
24986,6.25,3.06
24995,2.44,-3.56
24991,-0.56,-10.44
24987,-2.81,-16.38
24988,-5.28,-21.50
24989,-6.62,-25.72
24985,-7.31,-29.41
24997,-8.75,-33.66
25004,-10.94,-39.03
25016,-13.47,-45.84
25024,-17.50,-54.47
25036,-23.50,-65.28
25042,-30.06,-77.38
25032,-35.19,-86.25
25006,-37.53,-87.78
24976,-34.62,-79.22
24929,-24.97,-58.56
24890,-9.03,-25.09
24849,12.91,19.75
24823,39.44,73.47
24799,69.50,133.88
24784,99.94,195.56
24767,129.00,254.50
24757,155.35,306.72
24754,175.97,348.62
24761,190.69,379.19
24759,200.41,397.78
24776,204.69,406.75
24784,204.94,407.00
24800,201.31,399.75
24809,194.44,386.16
24818,185.25,368.19
24820,175.53,348.25
24837,164.63,325.47
24847,152.31,302.59
24859,140.72,280.16
24867,129.22,257.69
24882,117.94,235.25
24889,107.00,212.75
24901,95.78,189.81
24905,84.38,167.16
24911,74.47,146.31
24915,65.38,127.53
24918,57.47,110.62
24916,50.88,96.47
24916,46.22,85.56
24922,41.72,76.38
24923,38.63,69.50
24927,35.56,63.97
24927,33.28,59.22
24934,30.66,54.00
24941,27.53,47.47
24946,23.56,39.59
24957,18.25,29.78
24963,13.00,19.16
24968,7.28,7.12
24976,1.13,-5.31
24976,-5.03,-16.66
24980,-10.75,-27.53
24986,-16.28,-37.19
24993,-22.03,-47.00
25000,-27.25,-56.38
24809,-7.78,-16.41
24818,11.03,23.12
24820,30.44,61.44
24837,47.60,96.09
24847,63.85,128.69
25041,56.47,113.41
25045,49.53,99.00
25051,42.78,84.47
25061,10.94,21.28
25066,-20.15,-40.66
25067,-50.87,-100.97
25056,-77.84,-155.19
25035,-100.72,-200.56
25001,-94.94,-188.34
24959,-83.44,-165.09
24919,-66.28,-129.66
24881,-43.25,-83.88
24851,-16.03,-30.44
24830,13.72,27.69
24820,43.10,85.84
24817,70.00,139.28
24814,92.81,184.03
24822,109.19,217.06
24829,119.56,236.56
24840,123.72,244.81
24851,122.75,243.97
24862,117.78,236.03
24871,110.47,223.16
24876,102.19,207.50
24882,92.88,189.72
24898,82.63,169.94
24914,71.35,148.47
24932,59.28,124.78
24942,47.41,100.53
24958,35.00,76.22
24966,22.85,52.22
24974,10.44,27.31
24975,-1.25,2.34
24984,-11.97,-19.78
24988,-21.12,-38.88
24989,-28.09,-53.69
24989,-33.72,-65.00
24988,-37.19,-72.88
24986,-39.40,-78.16
24984,-40.34,-81.28
24990,-41.90,-83.00
24993,-42.72,-84.09
24998,-43.62,-84.94
25003,-45.03,-86.50
25004,-46.56,-88.44
25009,-48.81,-91.84
25016,-52.15,-97.34
25025,-56.87,-103.97
25029,-61.31,-111.12
25035,-66.06,-119.50
25041,-70.90,-127.91
25047,-75.81,-136.78
25050,-80.94,-146.44
25059,-86.53,-156.62
25070,-92.59,-167.62
25079,-98.59,-179.28
25083,-104.53,-190.59
25085,-109.94,-200.81
25089,-115.06,-210.47
25097,-120.40,-220.03
25097,-125.34,-229.03
25097,-129.09,-236.59
25101,-131.94,-243.22
25111,-134.87,-249.75
25114,-137.69,-256.25
25112,-139.97,-260.56
25097,-139.84,-259.97
25067,-134.97,-250.62
25030,-125.50,-231.62
24986,-110.62,-202.12
24942,-89.87,-161.00
24908,-63.78,-109.47
24880,-34.00,-50.72
24859,-2.09,10.94
24848,29.03,71.97
24838,57.41,127.12
24833,81.56,173.00
24834,99.91,207.84
24839,112.00,231.06
